date_time_(JST),download,upload,threads
14/07/19 20:57:06,2882354,1139168,1
14/07/19 20:57:38,9734119,77316957,None
14/07/19 21:01:17,4188956,1218949,1
14/07/19 21:43:51,14133101,8932493,None
14/07/19 21:46:19,3921019,1409271,1
14/07/19 21:46:48,8328094,5324785,None
14/07/19 21:49:23,3855261,1541863,1
14/07/19 21:49:52,11975888,7091688,None
14/07/19 21:52:23,5535107,2611454,1
14/07/19 21:52:52,8628329,4193922,None
14/07/19 21:55:22,3472837,1230866,1
14/07/19 21:55:52,5033082,4434125,None
14/07/19 21:58:20,3470933,1200095,1
14/07/19 21:58:53,9340462,7669994,None
14/07/19 22:01:25,4624823,4137534,1
14/07/19 22:01:55,9067238,4943785,None
14/07/19 22:04:24,3215516,2422536,1
14/07/19 22:04:54,8177494,7499826,None
14/07/19 22:07:28,4818907,2675939,1
14/07/19 22:07:57,6131566,71327537,None
14/07/19 22:10:29,5030841,2745645,1
14/07/19 22:10:59,12982154,8424144,None
14/07/19 22:13:28,3888442,3938978,1
14/07/19 22:13:59,10342952,7752084,None
14/07/19 22:16:28,5439896,23335872,1
14/07/19 22:17:00,6697009,8341693,None
14/07/19 22:19:29,7436667,2795740,1
14/07/19 22:19:57,8795215,4361527,None
14/07/19 22:22:25,6509725,1866485,1
14/07/19 22:22:56,8891750,5456742,None
14/07/19 22:25:26,6815086,2839598,1
14/07/19 22:25:55,9569860,9859010,None
14/07/19 22:28:24,5742127,1971146,1
14/07/19 22:28:52,9755053,54908862,None
14/07/19 22:31:23,4279799,19575751,1
14/07/19 22:31:59,12114417,5855541,None
14/07/19 22:34:29,7398538,2132795,1
14/07/19 22:34:57,13312784,10154114,None
14/07/19 22:37:26,5657119,2763745,1
14/07/19 22:37:53,13173365,6056697,None
14/07/19 22:40:25,3002715,1201876,1
14/07/19 22:40:54,13154704,9177302,None
14/07/19 22:43:24,3901270,1097432,1
14/07/19 22:43:53,8524126,8542891,None
14/07/19 22:46:22,9104535,3161983,1
14/07/19 22:46:51,5942786,4697000,None
14/07/19 22:49:22,7998328,2153084,1
14/07/19 22:49:50,9760015,9807431,None
14/07/19 22:52:21,5907516,2251184,1
14/07/19 22:52:49,14245780,12257386,None
14/07/19 22:55:17,4044730,2169677,1
14/07/19 22:55:47,10212694,7465450,None
14/07/19 22:58:16,4640505,4718322,1
14/07/19 22:58:46,12475278,8093770,None
14/07/19 23:01:14,5426990,2426574,1
14/07/19 23:01:43,9116846,5848773,None
14/07/19 23:04:13,8815015,1788867,1
14/07/19 23:04:43,11187449,11872124,None
14/07/19 23:07:17,3195861,2234852,1
14/07/19 23:07:48,9305500,82289126,None
14/07/19 23:10:18,4893767,2372054,1
14/07/19 23:10:48,10729397,12998124,None
14/07/19 23:13:17,7151385,2782556,1
14/07/19 23:13:46,9169724,4191690,None
14/07/19 23:16:15,2575791,1574631,1
14/07/19 23:16:50,5206849,4268289,None
14/07/19 23:19:19,2877667,16540807,1
14/07/19 23:19:50,12967675,10431605,None
14/07/19 23:22:19,2964138,19164747,1
14/07/19 23:22:48,13777984,6362766,None
14/07/19 23:25:19,3697482,1604431,1
14/07/19 23:25:51,10022871,11395818,None
14/07/19 23:28:20,6246079,3776557,1
14/07/19 23:28:50,10026030,7603362,None
14/07/19 23:31:21,4095055,1219829,1
14/07/19 23:31:50,13228819,8662213,None
14/07/19 23:34:19,4886511,1029943,1
14/07/19 23:34:47,14319053,5899544,None
14/07/19 23:37:17,4432850,3111775,1
14/07/19 23:37:45,16054794,7263010,None
14/07/19 23:40:15,6112745,3224690,1
14/07/19 23:40:44,10431788,8526107,None
14/07/19 23:43:13,2255632,2197644,1
14/07/19 23:43:41,6676658,3947172,None
14/07/19 23:46:09,9917809,3525595,1
14/07/19 23:46:37,10718447,7210911,None
14/07/19 23:49:07,3251804,1487141,1
14/07/19 23:49:36,5130281,9449815,None
14/07/19 23:52:05,2744992,1424906,1
14/07/19 23:52:34,12806119,4784906,None
14/07/19 23:55:04,6114750,2226172,1
14/07/19 23:55:32,15330320,8612608,None
14/07/19 23:58:03,2925494,2473376,1
14/07/19 23:58:31,18228432,7109031,None
15/07/19 00:00:58,8585476,3524862,1
15/07/19 00:01:27,11524530,5348687,None
15/07/19 00:03:56,4423212,17321722,1
15/07/19 00:04:26,6935381,5664452,None
15/07/19 00:06:58,2499191,2085349,1
15/07/19 00:07:29,7408609,9878272,None
15/07/19 00:10:00,3308621,1217399,1
15/07/19 00:10:31,17606257,8787267,None
15/07/19 00:13:00,8065932,17691141,1
15/07/19 00:13:32,13395831,4485637,None
15/07/19 00:16:01,3763654,2321707,1
15/07/19 00:16:29,10902581,8187677,None
15/07/19 00:18:58,7974842,3254582,1
15/07/19 00:19:28,15978254,7821903,None
15/07/19 00:21:56,4219982,2171171,1
15/07/19 00:22:26,21433481,5599469,None
15/07/19 00:24:55,4881216,3284898,1
15/07/19 00:25:25,17643185,7465482,None
15/07/19 00:27:54,6354864,2495845,1
15/07/19 00:28:22,13787469,7894348,None
15/07/19 00:30:52,8844740,3506274,1
15/07/19 00:31:20,17492740,9419122,None
15/07/19 00:33:50,11973148,1536588,1
15/07/19 00:34:18,18207404,9193935,None
15/07/19 00:36:48,3537417,2371176,1
15/07/19 00:37:20,13713086,8522453,None
15/07/19 00:39:49,5255415,1562700,1
15/07/19 00:40:20,13089589,3969681,None
15/07/19 00:42:52,16067470,3722144,1
15/07/19 00:43:20,59307358,7419775,None
15/07/19 00:45:48,21853184,2462157,1
15/07/19 00:46:18,58838606,10604690,None
15/07/19 00:48:47,12069707,2227582,1
15/07/19 00:49:14,56513799,8649420,None
15/07/19 00:51:45,30962259,2616330,1
15/07/19 00:52:15,60843393,6143217,None
15/07/19 00:54:44,21824806,2961314,1
15/07/19 00:55:11,51445061,5848870,None
15/07/19 00:57:40,19720355,3417573,1
15/07/19 00:58:08,71572609,7289267,None
15/07/19 01:00:36,8175609,2073587,1
15/07/19 01:01:05,31054456,4487700,None
15/07/19 01:03:34,33306694,3524686,1
15/07/19 01:04:01,82337567,7926488,None
15/07/19 01:06:30,29365055,3569324,1
15/07/19 01:07:00,78504594,8378424,None
15/07/19 01:09:27,41132840,2586220,1
15/07/19 01:09:55,76934027,8118594,None
15/07/19 01:12:22,53129203,6056745,1
15/07/19 01:12:50,77309014,4382624,None
15/07/19 01:15:21,33395613,17717594,1
15/07/19 01:15:55,88090110,8547284,None
15/07/19 01:18:22,56836526,2318736,1
15/07/19 01:18:50,84975958,9648701,None
15/07/19 01:21:19,46583438,3889507,1
15/07/19 01:21:48,81337036,13155206,None
15/07/19 01:24:16,33935699,2612677,1
15/07/19 01:24:44,71945068,4562401,None
15/07/19 01:27:15,36464769,18344389,1
15/07/19 01:27:44,67486474,4198463,None
15/07/19 01:30:15,30777085,17883297,1
15/07/19 01:30:43,87530334,8755437,None
15/07/19 01:33:11,38452648,2596347,1
15/07/19 01:33:39,90998876,10286451,None
15/07/19 01:36:07,67653262,2282417,1
15/07/19 01:36:36,84393423,79983749,None
15/07/19 01:39:03,63954181,2159501,1
15/07/19 01:39:32,80505675,5564597,None
15/07/19 01:42:02,55990177,2264310,1
15/07/19 01:42:30,41261448,79166275,None
15/07/19 01:44:59,62573611,2800067,1
15/07/19 01:45:30,81057292,10629945,None
15/07/19 01:47:57,58874976,2553042,1
15/07/19 01:48:25,89723770,9319061,None
15/07/19 01:50:52,63206876,2402980,1
15/07/19 01:51:19,87004560,7894498,None
15/07/19 01:53:50,52462814,2649783,1
15/07/19 01:54:18,85259185,8220336,None
15/07/19 01:56:47,34989067,3006352,1
15/07/19 01:57:14,87708802,10155781,None
15/07/19 01:59:43,63954725,2770161,1
15/07/19 02:00:11,90190816,8574799,None
15/07/19 02:02:39,39597649,2332760,1
15/07/19 02:03:07,83413519,7631246,None
15/07/19 02:05:34,64047558,2311774,1
15/07/19 02:06:02,87598233,8622625,None
15/07/19 02:08:30,37169473,19500771,1
15/07/19 02:08:58,89381681,8620843,None
15/07/19 02:11:26,21144339,3702551,1
15/07/19 02:11:58,86402266,12730660,None
15/07/19 02:14:26,43115914,2683852,1
15/07/19 02:14:54,85810119,4411337,None
15/07/19 02:17:23,65236529,3661550,1
15/07/19 02:17:52,79360420,8581374,None
15/07/19 02:20:20,62450482,3690326,1
15/07/19 02:20:48,85911781,80586518,None
15/07/19 02:23:17,45432068,2847474,1
15/07/19 02:23:44,89951318,8935201,None
15/07/19 02:26:12,66468579,3278788,1
15/07/19 02:26:39,87018203,8389137,None
15/07/19 02:29:07,39179285,1538906,1
15/07/19 02:29:35,86400737,5411351,None
15/07/19 02:32:04,44135172,3738850,1
15/07/19 02:32:34,90337312,8801726,None
15/07/19 02:35:05,61414598,4221795,1
15/07/19 02:35:33,89389636,7326139,None
15/07/19 02:38:02,62029265,3406755,1
15/07/19 02:38:33,74894491,5649618,None
15/07/19 02:41:01,48813012,4129908,1
15/07/19 02:41:29,81267279,7598081,None
15/07/19 02:43:59,36593568,2826612,1
15/07/19 02:44:27,82639597,6116952,None
15/07/19 02:46:57,31747153,2756606,1
15/07/19 02:47:27,86953860,4489692,None
15/07/19 02:49:56,45883572,3425152,1
15/07/19 02:50:25,70950843,5610021,None
15/07/19 02:52:55,33074700,2145469,1
15/07/19 02:53:22,89804538,10888274,None
15/07/19 02:55:50,66777982,3431885,1
15/07/19 02:56:18,88782921,10933166,None
15/07/19 02:58:46,10953097,2117208,1
15/07/19 02:59:14,69145570,8622047,None
15/07/19 03:01:42,53508505,4272393,1
15/07/19 03:02:09,69607451,10314028,None
15/07/19 03:04:36,61645873,2913164,1
15/07/19 03:05:05,90737218,8684460,None
15/07/19 03:07:34,46502887,2468572,1
15/07/19 03:08:05,88838414,9441798,None
15/07/19 03:10:32,57591452,3374145,1
15/07/19 03:11:00,82091276,8836663,None
15/07/19 03:13:29,55985645,2371984,1
15/07/19 03:13:56,63298178,9681789,None
15/07/19 03:16:24,59982014,1722117,1
15/07/19 03:16:52,86443916,8834741,None
15/07/19 03:19:20,32231614,2255287,1
15/07/19 03:19:49,68206321,10232607,None
15/07/19 03:22:16,71168416,4556165,1
15/07/19 03:22:43,85547869,8394143,None
15/07/19 03:25:11,62804337,2317416,1
15/07/19 03:25:39,87036481,4366464,None
15/07/19 03:28:07,50542869,2252845,1
15/07/19 03:28:34,89377728,8385388,None
15/07/19 03:31:05,37894468,2706416,1
15/07/19 03:31:34,78269467,4347958,None
15/07/19 03:34:03,65748010,2305218,1
15/07/19 03:34:31,81008341,3886217,None
15/07/19 03:37:01,14029018,1667960,1
15/07/19 03:37:33,82085443,9399410,None
15/07/19 03:40:01,57430433,2621088,1
15/07/19 03:40:28,87014908,8283317,None
15/07/19 03:42:57,64860968,2402787,1
15/07/19 03:43:25,89588195,8858009,None
15/07/19 03:45:52,57748097,2399065,1
15/07/19 03:46:20,79732264,4861687,None
15/07/19 03:48:52,50978363,2233564,1
15/07/19 03:49:23,80411032,4707433,None
15/07/19 03:51:54,64827980,2589058,1
15/07/19 03:52:22,88092455,8085838,None
15/07/19 03:54:52,16000911,2416739,1
15/07/19 03:55:21,82934374,5877349,None
15/07/19 03:57:49,62388529,2253849,1
15/07/19 03:58:20,87387131,10827039,None
15/07/19 04:00:48,54206518,2781874,1
15/07/19 04:01:19,87219345,7974611,None
15/07/19 04:03:48,71770679,2703109,1
15/07/19 04:04:16,84154216,4278200,None
15/07/19 04:06:46,44123565,2695537,1
15/07/19 04:07:14,84651258,8538575,None
15/07/19 04:09:42,35723292,1922503,1
15/07/19 04:10:10,86583467,9560585,None
15/07/19 04:12:39,9984199,2812130,1
15/07/19 04:13:06,87638635,8004011,None
15/07/19 04:15:35,59530656,1191488,1
15/07/19 04:16:05,88232536,9101818,None
15/07/19 04:18:33,12770822,19663010,1
15/07/19 04:19:04,88556716,10452991,None
15/07/19 04:21:36,54631908,4445189,1
15/07/19 04:22:03,82896680,9514430,None
15/07/19 04:24:32,38277659,2988634,1
15/07/19 04:24:59,79474155,10399144,None
15/07/19 04:27:27,65277496,1505573,1
15/07/19 04:27:55,81540636,4887802,None
15/07/19 04:30:26,61985375,3337667,1
15/07/19 04:30:54,86324540,8834777,None
15/07/19 04:33:21,35929257,2565835,1
15/07/19 04:33:53,83256634,6373347,None
15/07/19 04:36:22,63324451,3478221,1
15/07/19 04:36:50,91320540,8968416,None
15/07/19 04:39:19,64201696,3118265,1
15/07/19 04:39:51,85577359,4461184,None
15/07/19 04:42:22,66397458,2661398,1
15/07/19 04:42:50,83238365,3467694,None
15/07/19 04:45:23,67931538,7038848,1
15/07/19 04:45:50,86954186,9880744,None
15/07/19 04:48:18,12738930,1184384,1
15/07/19 04:48:48,77949878,80340278,None
15/07/19 04:51:19,29753198,1202195,1
15/07/19 04:51:48,90830681,6872164,None
15/07/19 04:54:18,45992236,1485008,1
15/07/19 04:54:47,85724778,5054460,None
15/07/19 04:57:15,36179569,1725890,1
15/07/19 04:57:46,83450343,8815528,None
15/07/19 05:00:15,34217101,21020022,1
15/07/19 05:00:44,90430639,10788786,None
15/07/19 05:03:12,63772906,4894880,1
15/07/19 05:03:39,85923852,5873507,None
15/07/19 05:06:08,59719538,3528300,1
15/07/19 05:06:36,80931187,80899942,None
15/07/19 05:09:05,45260360,2385370,1
15/07/19 05:09:33,88076197,8090422,None
15/07/19 05:12:03,42805389,2255415,1
15/07/19 05:12:31,54966849,9047193,None
15/07/19 05:14:58,45022299,2477603,1
15/07/19 05:15:26,81365941,83188111,None
15/07/19 05:17:54,42719124,23242621,1
15/07/19 05:18:23,90459316,8587198,None
15/07/19 05:20:51,60438993,3112737,1
15/07/19 05:21:21,39235621,5414700,None
15/07/19 05:23:50,60178154,1890195,1
15/07/19 05:24:18,81098474,9122042,None
15/07/19 05:26:46,64086780,2750629,1
15/07/19 05:27:14,82649713,9030244,None
15/07/19 05:29:42,53366714,1792523,1
15/07/19 05:30:10,85966408,10314311,None
15/07/19 05:32:37,38288155,2736972,1
15/07/19 05:33:08,82886274,10222124,None
15/07/19 05:35:38,54034108,22847756,1
15/07/19 05:36:07,83690251,8992087,None
15/07/19 05:38:37,50067238,5121767,1
15/07/19 05:39:05,85742864,4298368,None
15/07/19 05:41:33,22659159,2326456,1
15/07/19 05:42:01,84345486,8870448,None
15/07/19 05:44:29,60532452,3009334,1
15/07/19 05:44:56,84865163,8304515,None
15/07/19 05:47:24,59401796,4033588,1
15/07/19 05:47:54,85149901,4684830,None
15/07/19 05:50:24,33954154,1197037,1
15/07/19 05:50:52,77958083,4593102,None
15/07/19 05:53:21,58730923,3582835,1
15/07/19 05:53:49,88204317,10315475,None
15/07/19 05:56:17,41848867,20881023,1
15/07/19 05:56:49,84440401,5113973,None
15/07/19 05:59:17,46546750,2243943,1
15/07/19 05:59:46,81793041,81212963,None
15/07/19 06:02:18,43771636,2307254,1
15/07/19 06:02:46,84403917,5261457,None
15/07/19 06:05:14,65509510,2549661,1
15/07/19 06:05:42,85152473,80601105,None
15/07/19 06:08:13,63343609,2666832,1
15/07/19 06:08:41,79151656,9937421,None
15/07/19 06:11:11,34600580,1858787,1
15/07/19 06:11:45,90462640,9372850,None
15/07/19 06:14:13,58058389,2302913,1
15/07/19 06:14:41,86602799,66572422,None
15/07/19 06:17:12,45165640,20504391,1
15/07/19 06:17:41,82980941,81715387,None
15/07/19 06:20:10,58948861,2755222,1
15/07/19 06:20:38,67806287,4526147,None
15/07/19 06:23:07,60714250,3246686,1
15/07/19 06:23:35,81648417,81908913,None
15/07/19 06:26:03,51431155,2294054,1
15/07/19 06:26:31,88357477,7337912,None
15/07/19 06:29:00,42539308,2704711,1
15/07/19 06:29:28,89637411,6711230,None
15/07/19 06:31:57,43885944,3022815,1
15/07/19 06:32:25,73125337,81390760,None
15/07/19 06:35:01,66527897,3090213,1
15/07/19 06:35:29,83454108,9780571,None
15/07/19 06:37:58,44202893,20688670,1
15/07/19 06:38:28,61923790,4203864,None
15/07/19 06:40:56,55917942,3196946,1
15/07/19 06:41:24,82474163,6310560,None
15/07/19 06:43:52,49965213,1244519,1
15/07/19 06:44:21,81640871,10277488,None
15/07/19 06:46:48,60666139,3865729,1
15/07/19 06:47:16,87432586,8224386,None
15/07/19 06:49:48,47435436,1937948,1
15/07/19 06:50:16,76959285,5528911,None
15/07/19 06:52:46,75558911,3671988,1
15/07/19 06:53:14,83137051,8057032,None
15/07/19 06:55:41,60507725,2476931,1
15/07/19 06:56:12,82814790,4963382,None
15/07/19 06:58:41,51409085,2216201,1
15/07/19 06:59:09,89847692,12092156,None
15/07/19 07:01:40,37559618,18020193,1
15/07/19 07:02:08,80003809,8341119,None
15/07/19 07:04:37,59542569,1724861,1
15/07/19 07:05:07,88491305,10066485,None
15/07/19 07:07:35,32701288,2400585,1
15/07/19 07:08:03,82947916,9399211,None
15/07/19 07:10:31,15757632,1901876,1
15/07/19 07:11:00,83823995,8433446,None
15/07/19 07:13:28,48647403,2128327,1
15/07/19 07:13:57,87269880,3841513,None
15/07/19 07:16:27,39313328,3327776,1
15/07/19 07:16:55,88514186,10252732,None
15/07/19 07:19:22,41365817,1483496,1
15/07/19 07:19:51,90792650,8111004,None
15/07/19 07:22:19,48398445,2951667,1
15/07/19 07:22:50,88873406,10167052,None
15/07/19 07:25:17,26354904,2973485,1
15/07/19 07:25:47,89716691,8442152,None
15/07/19 07:28:16,56824372,3187903,1
15/07/19 07:28:44,15268266,8999128,None
15/07/19 07:31:15,55930845,3628571,1
15/07/19 07:31:43,81241367,4184359,None
15/07/19 07:34:12,52048161,2367377,1
15/07/19 07:34:40,90806542,8250237,None
15/07/19 07:37:12,35479908,1322025,1
15/07/19 07:37:42,84234451,6506447,None
15/07/19 07:40:13,36003277,1569275,1
15/07/19 07:40:43,77674865,7910433,None
15/07/19 07:43:11,60637485,2692506,1
15/07/19 07:43:39,84328745,5555682,None
15/07/19 07:46:10,57215230,2391076,1
15/07/19 07:46:37,70727939,7048376,None
15/07/19 07:49:06,19084989,1565903,1
15/07/19 07:49:36,60936661,8948102,None
15/07/19 07:52:03,41087670,2410225,1
15/07/19 07:52:32,77501007,82182885,None
15/07/19 07:55:01,46694074,2264125,1
15/07/19 07:55:28,89855238,7205127,None
15/07/19 07:57:57,48033848,2059320,1
15/07/19 07:58:25,90300241,9944265,None
15/07/19 08:00:57,58455174,2604598,1
15/07/19 08:01:25,86474462,4802020,None
15/07/19 08:03:53,63604950,2792892,1
15/07/19 08:04:24,86064732,9693324,None
15/07/19 08:06:52,63386151,1989805,1
15/07/19 08:07:20,89928263,9929243,None
15/07/19 08:09:49,34832618,1235913,1
15/07/19 08:10:18,81344201,9548946,None
15/07/19 08:12:46,32384152,1782795,1
15/07/19 08:13:15,85761129,7812152,None
15/07/19 08:15:43,24018128,3562434,1
15/07/19 08:16:10,88250549,9572818,None
15/07/19 08:18:38,50327780,2543597,1
15/07/19 08:19:07,86275737,4263037,None
15/07/19 08:21:36,25064185,1550421,1
15/07/19 08:22:04,84336727,10273773,None
15/07/19 08:24:33,45952691,2813242,1
15/07/19 08:25:01,78650853,6077510,None
15/07/19 08:27:30,50404218,2494471,1
15/07/19 08:27:58,84656516,6241517,None
15/07/19 08:30:27,26223018,1781720,1
15/07/19 08:30:56,71978347,5784447,None
15/07/19 08:33:29,41332605,2838970,1
15/07/19 08:33:57,90119178,7642605,None
15/07/19 08:36:25,63228413,4202246,1
15/07/19 08:36:53,81215150,9147081,None
15/07/19 08:39:21,61374725,1662445,1
15/07/19 08:39:49,74807403,10382864,None
15/07/19 08:42:16,55136607,4040812,1
15/07/19 08:42:48,63373311,3760513,None
15/07/19 08:45:17,39213771,1846697,1
15/07/19 08:45:46,90339264,9377230,None
15/07/19 08:48:22,63384100,2835735,1
15/07/19 08:48:50,73668326,4137477,None
15/07/19 08:51:18,49173455,3242711,1
15/07/19 08:51:46,83081985,8804601,None
15/07/19 08:54:14,51315647,3284593,1
15/07/19 08:54:45,90028342,10394843,None
15/07/19 08:57:13,33714364,2058688,1
15/07/19 08:57:41,82476612,9733888,None
15/07/19 09:00:09,65275751,3682717,1
15/07/19 09:00:38,88106467,9189773,None
15/07/19 09:03:05,47304360,2583648,1
15/07/19 09:03:33,88529312,4079490,None
15/07/19 09:06:03,63454474,4193241,1
15/07/19 09:06:31,83798241,82202106,None
15/07/19 09:09:00,58240844,2318648,1
15/07/19 09:09:27,60094271,9590684,None
15/07/19 09:11:55,23660965,1439797,1
15/07/19 09:12:24,83091862,8888174,None
15/07/19 09:14:52,15798166,2196363,1
15/07/19 09:15:24,71884512,10851879,None
15/07/19 09:17:51,57980504,2547421,1
15/07/19 09:18:19,90962306,7661249,None
15/07/19 09:20:46,43587654,2812353,1
15/07/19 09:21:14,86438732,5139409,None
15/07/19 09:23:43,48312670,3039638,1
15/07/19 09:24:11,71780097,3540263,None
15/07/19 09:26:42,19139330,17205500,1
15/07/19 09:27:11,58795102,7509631,None
15/07/19 09:29:40,49082134,2516149,1
15/07/19 09:30:07,65529183,83912309,None
15/07/19 09:32:37,51325594,2111868,1
15/07/19 09:33:05,81919138,10724869,None
15/07/19 09:35:34,49061770,2212137,1
15/07/19 09:36:01,86609616,4720530,None
15/07/19 09:38:30,37580068,3140015,1
15/07/19 09:38:57,85924672,9126411,None
15/07/19 09:41:25,30499165,2351658,1
15/07/19 09:41:53,69227791,7977567,None
15/07/19 09:44:22,35698397,2265833,1
15/07/19 09:44:50,68686577,75988826,None
15/07/19 09:47:23,24313245,2437470,1
15/07/19 09:47:52,85008419,12692351,None
15/07/19 09:50:20,62209275,2569135,1
15/07/19 09:50:48,74320922,8303576,None
15/07/19 09:53:16,64704938,2336815,1
15/07/19 09:53:43,90742396,7718646,None
15/07/19 09:56:11,18514738,2246860,1
15/07/19 09:56:39,83004133,7429508,None
15/07/19 09:59:07,43023807,2284909,1
15/07/19 09:59:35,72413076,7155594,None
15/07/19 10:02:04,47676202,2269163,1
15/07/19 10:02:32,74721654,8474390,None
15/07/19 10:05:00,9285920,1195828,1
15/07/19 10:05:29,86848492,8884739,None
15/07/19 10:07:58,38671015,2228801,1
15/07/19 10:08:26,60822867,5450095,None
15/07/19 10:10:56,18537934,1608303,1
15/07/19 10:11:28,86198396,7731819,None
15/07/19 10:13:56,45052380,2875396,1
15/07/19 10:14:24,89906153,8122844,None
15/07/19 10:16:52,33595022,2439047,1
15/07/19 10:17:22,25216143,7176136,None
15/07/19 10:19:50,50419689,2475965,1
15/07/19 10:20:18,80959132,9121675,None
15/07/19 10:22:46,45467747,3972475,1
15/07/19 10:23:15,82988616,5901764,None
15/07/19 10:25:43,30592636,2471869,1
15/07/19 10:26:13,68242791,7344725,None
15/07/19 10:28:42,45761900,3184216,1
15/07/19 10:29:10,83307871,10402335,None
15/07/19 10:31:37,36928201,2988141,1
15/07/19 10:32:07,79401084,5489756,None
15/07/19 10:34:38,20539277,1641984,1
15/07/19 10:35:08,36387991,71651191,None
15/07/19 10:37:37,20167218,1170609,1
15/07/19 10:38:09,58581490,5396882,None
15/07/19 10:40:38,15995309,1122982,1
15/07/19 10:41:07,62034071,76551209,None
15/07/19 10:43:36,22652757,3109018,1
15/07/19 10:44:04,76303486,8149626,None
15/07/19 10:46:33,32345240,2980791,1
15/07/19 10:47:02,73504271,3718319,None
15/07/19 10:49:32,49288253,2812194,1
15/07/19 10:50:03,77949132,9208494,None
15/07/19 10:52:30,43888228,1300813,1
15/07/19 10:52:59,85776479,8006916,None
15/07/19 10:55:27,26477300,1648005,1
15/07/19 10:55:55,83256580,5490842,None
15/07/19 10:58:27,37072380,2907627,1
15/07/19 10:58:54,65385410,8939939,None
15/07/19 11:01:22,45925876,2286832,1
15/07/19 11:01:51,69601553,4149542,None
15/07/19 11:04:18,45251553,3043209,1
15/07/19 11:04:46,88600331,7848660,None
15/07/19 11:07:14,32637054,18401026,1
15/07/19 11:07:45,76552578,9876930,None
15/07/19 11:10:14,21279064,2904813,1
15/07/19 11:10:42,74941627,10353982,None
15/07/19 11:13:10,25560736,17447139,1
15/07/19 11:13:39,82728815,6812660,None
15/07/19 11:16:08,25335297,2866718,1
15/07/19 11:16:36,46776266,77652304,None
15/07/19 11:19:05,20258037,1551165,1
15/07/19 11:19:37,88315541,11396585,None
15/07/19 11:22:05,36671099,2581238,1
15/07/19 11:22:33,60358136,10198722,None
15/07/19 11:25:02,11848483,17953901,1
15/07/19 11:25:32,67055501,10608629,None
15/07/19 11:28:01,20966971,2846531,1
15/07/19 11:28:31,48419932,9868513,None
15/07/19 11:30:59,7199424,11774410,1
15/07/19 11:31:28,22080681,4804064,None
15/07/19 11:34:01,7559979,3958531,1
15/07/19 11:34:31,17326522,7650607,None
15/07/19 11:37:00,5265952,14213040,1
15/07/19 11:37:32,15111625,4048894,None
15/07/19 11:40:02,18900621,17520743,1
15/07/19 11:40:35,35279549,8166713,None
15/07/19 11:43:03,6726645,2371267,1
15/07/19 11:43:34,24624988,7955728,None
15/07/19 11:46:04,21833197,2246239,1
15/07/19 11:46:32,46932912,6715633,None
15/07/19 11:49:01,18118487,2088133,1
15/07/19 11:49:29,53337879,5930414,None
15/07/19 11:51:58,8227820,1956592,1
15/07/19 11:52:27,25327562,4349992,None
15/07/19 11:55:00,5107103,1646927,1
15/07/19 11:55:29,46955417,7374484,None
15/07/19 11:57:59,8200774,1154313,1
15/07/19 11:58:29,51578932,7143506,None
15/07/19 12:00:57,14404314,2503351,1
15/07/19 12:01:25,47817943,5128812,None
15/07/19 12:03:58,10926617,14235796,1
15/07/19 12:04:27,58368748,8437587,None
15/07/19 12:06:56,10333775,2176542,1
15/07/19 12:07:24,59048185,9051884,None
15/07/19 12:09:54,13917866,4013560,1
15/07/19 12:10:22,29513555,3926866,None
15/07/19 12:12:51,26080741,1992327,1
15/07/19 12:13:19,73187176,10559236,None
15/07/19 12:15:47,26642235,2300058,1
15/07/19 12:16:17,39899698,68705001,None
15/07/19 12:18:51,13979808,3444249,1
15/07/19 12:19:18,45509985,7259884,None
15/07/19 12:21:48,8057792,13403097,1
15/07/19 12:22:17,66063644,8900874,None
15/07/19 12:24:44,8739500,1256381,1
15/07/19 12:25:15,85677921,9792252,None
15/07/19 12:27:44,18235019,2401979,1
15/07/19 12:28:12,41206056,3784241,None
15/07/19 12:30:42,22946178,2653479,1
15/07/19 12:31:10,62286183,8735466,None
15/07/19 12:33:38,21879287,18112738,1
15/07/19 12:34:15,59864654,4132620,None
15/07/19 12:36:43,33536752,2612868,1
15/07/19 12:37:12,62457872,6607752,None
15/07/19 12:39:42,22785898,3014663,1
15/07/19 12:40:10,47193189,78959812,None
15/07/19 12:42:46,31700460,4181044,1
15/07/19 12:43:14,65198216,7505346,None
15/07/19 12:45:44,18140093,4165127,1
15/07/19 12:46:12,64704391,8802247,None
15/07/19 12:48:39,20666435,2624104,1
15/07/19 12:49:07,44312229,79125861,None
15/07/19 12:51:37,24389465,3451219,1
15/07/19 12:52:05,63833396,12245532,None
15/07/19 12:54:33,11939091,3071027,1
15/07/19 12:55:04,29128975,69581483,None
15/07/19 12:57:35,9678783,2214646,1
15/07/19 12:58:04,28864056,76217562,None
15/07/19 13:00:35,12828966,3091496,1
15/07/19 13:01:03,67441360,10257692,None
15/07/19 13:03:34,12193759,2914966,1
15/07/19 13:04:02,48643077,10249972,None
15/07/19 13:06:32,16145898,2061321,1
15/07/19 13:07:00,36829025,10301307,None
15/07/19 13:09:28,15955300,2551725,1
15/07/19 13:09:57,39138218,3961824,None
15/07/19 13:12:27,21948161,2206203,1
15/07/19 13:12:55,26575576,69692479,None
15/07/19 13:15:25,5426788,13672192,1
15/07/19 13:15:55,23520116,4244042,None
15/07/19 13:18:25,31462110,3666927,1
15/07/19 13:18:53,44723674,75400969,None
15/07/19 13:21:22,3929509,17119818,1
15/07/19 13:21:51,42343337,7344018,None
15/07/19 13:24:20,20740324,2626014,1
15/07/19 13:24:51,51561399,8218719,None
15/07/19 13:27:19,3008431,13473891,1
15/07/19 13:27:52,10283551,4053895,None
15/07/19 13:30:24,4360726,14450520,1
15/07/19 13:30:53,54747012,11590137,None
15/07/19 13:33:21,27107598,5172807,1
15/07/19 13:33:49,64524720,9435988,None
15/07/19 13:36:18,47183047,3438588,1
15/07/19 13:36:46,37580782,71995204,None
15/07/19 13:39:16,14365674,2243799,1
15/07/19 13:39:44,40085199,69366720,None
15/07/19 13:42:14,4856986,3125877,1
15/07/19 13:42:41,69725907,8748511,None
15/07/19 13:45:11,29994338,2454497,1
15/07/19 13:45:38,82373018,6992696,None
15/07/19 13:48:07,11097284,17859001,1
15/07/19 13:48:36,43419125,4274493,None
15/07/19 13:51:09,9372098,15247849,1
15/07/19 13:51:41,41345791,7369944,None
15/07/19 13:54:10,8816329,3111132,1
15/07/19 13:54:37,58587406,8179238,None
15/07/19 13:57:05,10195108,2427208,1
15/07/19 13:57:36,33725333,8449517,None
15/07/19 14:00:06,4220299,14764887,1
15/07/19 14:00:37,34811156,6293005,None
15/07/19 14:03:08,5440836,1084924,1
15/07/19 14:03:37,19900095,5001542,None
15/07/19 14:06:07,12491183,15269672,1
15/07/19 14:06:37,42370114,10617972,None
15/07/19 14:09:05,11138225,2474113,1
15/07/19 14:09:33,35660437,7373649,None
15/07/19 14:12:02,6682137,1152373,1
15/07/19 14:12:31,18106019,4480110,None
15/07/19 14:15:01,31859612,14899707,1
15/07/19 14:15:34,65900147,8602816,None
15/07/19 14:18:02,6841391,1826393,1
15/07/19 14:18:31,33746420,8318752,None
15/07/19 14:21:00,18514597,2310459,1
15/07/19 14:21:28,34443037,8527272,None
15/07/19 14:23:58,11730552,2145838,1
15/07/19 14:24:27,72018325,4775456,None
15/07/19 14:26:56,9478483,2255399,1
15/07/19 14:27:24,34477508,11233129,None
15/07/19 14:29:53,16106036,15272131,1
15/07/19 14:30:21,36250306,9618825,None
15/07/19 14:32:49,39095686,2781022,1
15/07/19 14:33:20,65894100,10193671,None
15/07/19 14:35:48,20579294,1504448,1
15/07/19 14:36:16,79908438,4000195,None
15/07/19 14:38:44,60442802,2250617,1
15/07/19 14:39:12,69562818,7303848,None
15/07/19 14:41:41,59288097,2413847,1
15/07/19 14:42:08,89473683,9544609,None
15/07/19 14:44:36,24116808,15312935,1
15/07/19 14:45:04,81711159,5175210,None
15/07/19 14:47:33,53085127,3971985,1
15/07/19 14:48:01,75807408,6312229,None
15/07/19 14:50:31,41418106,2783004,1
15/07/19 14:51:00,84782565,10842005,None
15/07/19 14:53:28,49576276,2509853,1
15/07/19 14:53:58,74729702,7666781,None
15/07/19 14:56:27,31471651,2145672,1
15/07/19 14:56:57,51359915,74065168,None
15/07/19 14:59:27,35169705,3849441,1
15/07/19 14:59:57,67328135,8977408,None
15/07/19 15:02:26,13542466,1651483,1
15/07/19 15:02:55,42812789,71820590,None
15/07/19 15:05:23,12546799,2323632,1
15/07/19 15:05:51,78082370,8565403,None
15/07/19 15:08:19,39116201,2418780,1
15/07/19 15:08:52,72663410,9982822,None
15/07/19 15:11:20,18624768,2326279,1
15/07/19 15:11:49,53970286,8711736,None
15/07/19 15:14:20,26392972,3802236,1
15/07/19 15:14:48,69824974,7807921,None
15/07/19 15:17:16,64767381,2413496,1
15/07/19 15:17:44,77232796,7636354,None
15/07/19 15:20:12,30021644,18963033,1
15/07/19 15:20:41,61112377,5159145,None
15/07/19 15:23:15,33958753,3193966,1
15/07/19 15:23:42,70309249,5346484,None
15/07/19 15:26:11,2438682,3751291,1
15/07/19 15:26:39,82699101,10796228,None
15/07/19 15:29:07,22948845,2483598,1
15/07/19 15:29:35,88521855,7904677,None
15/07/19 15:32:04,26206626,2754905,1
15/07/19 15:32:32,79172540,10992026,None
15/07/19 15:35:00,35981149,3662731,1
15/07/19 15:35:29,81077030,10095943,None
15/07/19 15:37:56,47998350,2684795,1
15/07/19 15:38:28,54172325,77207176,None
15/07/19 15:40:57,53294721,3048804,1
15/07/19 15:41:25,78924451,7319963,None
15/07/19 15:43:54,46569298,1875323,1
15/07/19 15:44:22,80622276,4792764,None
15/07/19 15:46:51,49452077,3714554,1
15/07/19 15:47:21,71435053,12758924,None
15/07/19 15:49:49,31069000,2363701,1
15/07/19 15:50:17,65682346,9813320,None
15/07/19 15:52:46,29219750,3122075,1
15/07/19 15:53:17,70212261,4901374,None
15/07/19 15:55:46,25338657,2017862,1
15/07/19 15:56:15,29489312,5851858,None
15/07/19 15:58:44,61760582,2281329,1
15/07/19 15:59:12,70397281,5732239,None
15/07/19 16:01:41,22818720,19705811,1
15/07/19 16:02:11,71868183,3947013,None
15/07/19 16:04:39,15546337,3790599,1
15/07/19 16:05:08,63357214,5064664,None
15/07/19 16:07:37,54232957,3565539,1
15/07/19 16:08:07,55340273,76533906,None
15/07/19 16:10:36,31351991,4132529,1
15/07/19 16:11:04,70894233,8848629,None
15/07/19 16:13:32,39978769,3109273,1
15/07/19 16:14:01,67099391,11890944,None
15/07/19 16:16:29,22909327,19093292,1
15/07/19 16:17:00,75023041,8758909,None
15/07/19 16:19:28,22427508,18419944,1
15/07/19 16:19:57,80909498,10058945,None
15/07/19 16:22:24,35933562,4712304,1
15/07/19 16:22:52,54752214,79471327,None
15/07/19 16:25:21,11792049,2141988,1
15/07/19 16:25:53,56702740,4506713,None
15/07/19 16:28:21,8080977,1554145,1
15/07/19 16:28:49,80997020,9196753,None
15/07/19 16:31:18,20760731,1743621,1
15/07/19 16:31:49,87438928,7975000,None
15/07/19 16:34:17,31679954,1387511,1
15/07/19 16:34:47,77214774,9476064,None
15/07/19 16:37:15,37546096,2822827,1
15/07/19 16:37:43,52797809,80275865,None
15/07/19 16:40:16,41738041,2318073,1
15/07/19 16:40:45,87179477,10714044,None
15/07/19 16:43:15,45113641,2028902,1
15/07/19 16:43:43,70701619,6806825,None
15/07/19 16:46:11,13391171,2106687,1
15/07/19 16:46:41,77477628,8241328,None
15/07/19 16:49:09,42595403,2443601,1
15/07/19 16:49:37,70669640,11869591,None
15/07/19 16:52:07,18558019,2554714,1
15/07/19 16:52:34,73736763,9526187,None
15/07/19 16:55:03,11386058,1595097,1
15/07/19 16:55:31,44613525,3897425,None
15/07/19 16:58:00,10870772,2970249,1
15/07/19 16:58:29,44273465,8701754,None
15/07/19 17:00:56,15152756,16362702,1
15/07/19 17:01:27,50669324,76099095,None
15/07/19 17:03:57,16991001,2336717,1
15/07/19 17:04:25,64179708,4035772,None
15/07/19 17:06:53,26963373,3960472,1
15/07/19 17:07:22,32811426,8539978,None
15/07/19 17:09:50,34247504,3234046,1
15/07/19 17:10:18,69387754,7714402,None
15/07/19 17:12:46,31221329,1185304,1
15/07/19 17:13:15,49336932,6823161,None
15/07/19 17:15:44,44842822,3892631,1
15/07/19 17:16:12,88233291,9637152,None
15/07/19 17:18:41,35678005,2275482,1
15/07/19 17:19:09,42395178,8432978,None
15/07/19 17:21:38,16787786,2753227,1
15/07/19 17:22:06,47678744,8860609,None
15/07/19 17:24:34,14068707,14568775,1
15/07/19 17:25:04,80696732,7203434,None
15/07/19 17:27:35,21114042,2561968,1
15/07/19 17:28:03,41944348,3958141,None
15/07/19 17:30:33,13507956,15117947,1
15/07/19 17:31:01,36815697,4790813,None
15/07/19 17:33:31,11469028,1239836,1
15/07/19 17:33:58,70593017,11246847,None
15/07/19 17:36:26,7577064,1831264,1
15/07/19 17:36:55,73192487,8403577,None
15/07/19 17:39:23,8983559,15481068,1
15/07/19 17:39:56,72809042,8628543,None
15/07/19 17:42:24,36512412,2603885,1
15/07/19 17:42:54,35808033,7620134,None
15/07/19 17:45:23,9164077,15258593,1
15/07/19 17:45:53,23686631,70498972,None
15/07/19 17:48:22,42042911,2570627,1
15/07/19 17:48:52,72375628,8447613,None
15/07/19 17:51:20,45202559,2621769,1
15/07/19 17:51:48,79026928,8260338,None
15/07/19 17:54:16,14843450,3184683,1
15/07/19 17:54:44,35356965,4361526,None
15/07/19 17:57:14,6219602,17581045,1
15/07/19 17:57:42,27371976,3837856,None
15/07/19 18:00:10,10671193,1388896,1
15/07/19 18:00:40,34109268,8650388,None
15/07/19 18:03:09,13809400,1702723,1
15/07/19 18:03:45,36102928,9993744,None
15/07/19 18:06:13,5950405,2585361,1
15/07/19 18:06:41,31792098,10704928,None
15/07/19 18:09:12,11005855,1141095,1
15/07/19 18:09:40,38872464,6840083,None
15/07/19 18:12:10,15068871,3112668,1
15/07/19 18:12:38,43234835,9093069,None
15/07/19 18:15:08,17323609,13474556,1
15/07/19 18:15:37,43296708,7722709,None
15/07/19 18:18:07,7333787,2334942,1
15/07/19 18:18:36,41231214,5564405,None
15/07/19 18:21:06,10297787,1586343,1
15/07/19 18:21:35,61029250,8305004,None
15/07/19 18:24:05,19803734,2369138,1
15/07/19 18:24:34,77391055,5651224,None
15/07/19 18:27:09,24073615,5136491,1
15/07/19 18:27:37,57120722,7128779,None
15/07/19 18:30:09,44542276,2816378,1
15/07/19 18:30:38,38460345,73509388,None
15/07/19 18:33:11,8585518,3265852,1
15/07/19 18:33:39,40070866,5696971,None
15/07/19 18:36:10,9271247,2044880,1
15/07/19 18:36:38,50117827,8152508,None
15/07/19 18:39:07,12683945,3083805,1
15/07/19 18:39:37,46319222,6654844,None
15/07/19 18:42:08,6790692,3897127,1
15/07/19 18:42:36,13365079,4757200,None
15/07/19 18:45:14,4937241,1615653,1
15/07/19 18:45:45,10069277,7810681,None
15/07/19 18:48:15,11612400,2747231,1
15/07/19 18:48:46,21531879,9258354,None
15/07/19 18:51:15,4217622,1148218,1
15/07/19 18:51:45,27471588,11201954,None
15/07/19 18:54:16,9710811,2084311,1
15/07/19 18:54:46,31290706,9874812,None
15/07/19 18:57:14,5557509,2825190,1
15/07/19 18:57:44,21916101,7269202,None
15/07/19 19:00:16,4603160,2647973,1
15/07/19 19:00:47,5953941,4912913,None
15/07/19 19:03:20,2907090,1715189,1
15/07/19 19:03:50,11161577,9728204,None
15/07/19 19:06:18,1956768,1316437,1
15/07/19 19:06:54,9469639,9165100,None
15/07/19 19:09:24,4587925,2513683,1
15/07/19 19:09:53,10968724,6777561,None
15/07/19 19:12:21,3233008,2309168,1
15/07/19 19:12:51,8952582,8286115,None
15/07/19 19:15:22,5144509,1733344,1
15/07/19 19:15:51,33350916,5785130,None
15/07/19 19:18:20,8726732,12988266,1
15/07/19 19:18:53,10487846,7240917,None
15/07/19 19:21:24,5596061,3100748,1
15/07/19 19:21:53,12098686,5616442,None
15/07/19 19:24:25,827475,1564947,1
15/07/19 19:24:54,6827980,7420536,None
15/07/19 19:27:23,5837670,2664259,1
15/07/19 19:27:52,9986942,78572724,None
15/07/19 19:30:20,22025664,2715092,1
15/07/19 19:30:48,18701366,66975204,None
15/07/19 19:33:21,6632747,14687152,1
15/07/19 19:33:51,13109917,4275687,None
15/07/19 19:36:20,17192814,2168652,1
15/07/19 19:36:48,43279506,7825877,None
15/07/19 19:39:16,10128745,2448859,1
15/07/19 19:39:45,25718542,8831556,None
15/07/19 19:42:14,3998317,15520650,1
15/07/19 19:42:44,6780261,9588489,None
15/07/19 19:45:14,5556589,3244927,1
15/07/19 19:45:43,9193915,7977241,None
15/07/19 19:48:17,5324083,1567182,1
15/07/19 19:48:51,5776985,10174355,None
15/07/19 19:51:23,6573097,2477100,1
15/07/19 19:51:53,7829792,9422647,None
15/07/19 19:54:21,6306723,2426432,1
15/07/19 19:54:53,7504900,8849283,None
15/07/19 19:57:22,7562854,4146183,1
15/07/19 19:57:50,12433321,7628057,None
15/07/19 20:00:20,4194311,2248389,1
15/07/19 20:00:53,10073279,73990011,None
15/07/19 20:03:25,4773091,15282438,1
15/07/19 20:03:55,9905226,3927242,None
15/07/19 20:06:25,3158140,3145094,1
15/07/19 20:07:00,8129216,3731875,None
15/07/19 20:09:38,4276869,3494240,1
15/07/19 20:10:06,13477988,8248164,None
15/07/19 20:12:37,5891428,4039005,1
15/07/19 20:13:06,14476834,4370491,None
15/07/19 20:15:36,3370807,15178552,1
15/07/19 20:16:05,6492999,75193611,None
15/07/19 20:18:34,2160749,1176289,1
15/07/19 20:19:05,7740857,7441653,None
15/07/19 20:21:33,2371309,18759004,1
15/07/19 20:22:04,6713296,5429928,None
15/07/19 20:24:38,4485702,1327973,1
15/07/19 20:25:08,3610759,4578161,None
15/07/19 20:27:37,3902367,2386686,1
15/07/19 20:28:07,6943399,5717779,None
15/07/19 20:30:38,3308672,5155612,1
15/07/19 20:31:07,6458291,7393428,None
15/07/19 20:33:36,2408547,2104309,1
15/07/19 20:34:08,3516336,7986445,None
15/07/19 20:36:44,3683712,5536226,1
15/07/19 20:37:13,5962634,4292795,None
15/07/19 20:39:43,2285998,1937243,1
15/07/19 20:40:11,9590325,4923607,None
15/07/19 20:42:43,5550614,3247687,1
15/07/19 20:43:11,19037084,3354849,None
15/07/19 20:45:43,3498341,3313351,1
15/07/19 20:46:11,7058452,3888726,None
15/07/19 20:48:44,4608564,19141499,1
15/07/19 20:49:15,14614832,6877818,None
15/07/19 20:51:44,6944137,3653795,1
15/07/19 20:52:14,15847915,9787475,None
15/07/19 20:54:42,2452986,1955814,1
15/07/19 20:55:12,6861532,71382843,None
15/07/19 20:57:47,5837743,1208213,1
15/07/19 20:58:15,4792101,7188660,None
15/07/19 21:00:44,6177995,3487822,1
15/07/19 21:01:14,10963745,80576678,None
15/07/19 21:03:45,8488073,2797017,1
15/07/19 21:04:14,10803899,8608968,None
15/07/19 21:06:45,3663041,2511186,1
15/07/19 21:07:14,12130954,9934189,None
15/07/19 21:09:44,5625293,3507850,1
15/07/19 21:10:12,9688019,7952944,None
15/07/19 21:12:41,8036722,2769292,1
15/07/19 21:13:09,6915875,4683223,None
15/07/19 21:15:39,6413692,3269534,1
15/07/19 21:16:07,10562604,8750951,None
15/07/19 21:18:38,4803248,2815326,1
15/07/19 21:19:06,8706885,8035729,None
15/07/19 21:21:44,5212014,1603464,1
15/07/19 21:22:16,7188283,10689273,None
15/07/19 21:24:44,2614494,11562298,1
15/07/19 21:25:13,15146323,7844009,None
15/07/19 21:27:43,3071111,2811526,1
15/07/19 21:28:14,10195397,8186416,None
15/07/19 21:30:44,6332172,2166592,1
15/07/19 21:31:13,10000508,8382126,None
15/07/19 21:33:42,4169713,2534492,1
15/07/19 21:34:11,9147609,8172838,None
15/07/19 21:36:41,7549372,1574082,1
15/07/19 21:37:11,12203803,5717997,None
15/07/19 21:39:40,3529639,1228737,1
15/07/19 21:40:10,10484804,8490038,None
15/07/19 21:42:39,5800219,2499794,1
15/07/19 21:43:08,5270445,4148533,None
15/07/19 21:45:40,2579906,1923771,1
15/07/19 21:46:14,11844948,9605472,None
15/07/19 21:48:42,3615827,2364167,1
15/07/19 21:49:12,6606993,63610099,None
15/07/19 21:51:42,5375639,2558819,1
15/07/19 21:52:13,7229312,4642339,None
15/07/19 21:54:43,3207167,2770074,1
15/07/19 21:55:13,6750372,4159318,None
15/07/19 21:57:46,3495805,3009980,1
15/07/19 21:58:17,7673631,8796174,None
15/07/19 22:00:46,3004014,2712812,1
15/07/19 22:01:16,4774220,4295524,None
15/07/19 22:03:45,4954714,2385531,1
15/07/19 22:04:17,11997238,7730400,None
15/07/19 22:06:47,4489860,18419920,1
15/07/19 22:07:17,2317581,9463531,None
15/07/19 22:09:53,3387564,1653105,1
15/07/19 22:10:24,7521067,6451945,None
15/07/19 22:12:55,2047462,3473793,1
15/07/19 22:13:25,5426287,4286665,None
15/07/19 22:15:56,3777058,3048458,1
15/07/19 22:16:27,11329355,9634749,None
15/07/19 22:18:57,6914555,2250720,1
15/07/19 22:19:27,10678879,11413368,None
15/07/19 22:21:57,3039303,2809935,1
15/07/19 22:22:27,6134349,7641100,None
15/07/19 22:24:57,4391148,2281743,1
15/07/19 22:25:27,3464548,7308805,None
15/07/19 22:28:00,5369170,1971638,1
15/07/19 22:28:31,6824787,8255608,None
15/07/19 22:31:02,5342259,1922162,1
15/07/19 22:31:35,8975400,10079135,None
15/07/19 22:34:03,1896579,9486371,1
15/07/19 22:34:37,3445043,24166961,None
15/07/19 22:37:15,6746222,2680216,1
15/07/19 22:37:48,6701016,78141014,None
15/07/19 22:40:18,3658905,20186219,1
15/07/19 22:40:56,11675866,8884724,None
15/07/19 22:43:24,6005431,2571464,1
15/07/19 22:43:52,8031709,4087805,None
15/07/19 22:46:20,2830746,2350442,1
15/07/19 22:46:50,12029548,5814344,None
15/07/19 22:49:18,6033249,2972974,1
15/07/19 22:49:47,5244560,8620325,None
15/07/19 22:52:15,5463927,1583241,1
15/07/19 22:52:44,12455602,6639634,None
15/07/19 22:55:15,4283957,1324856,1
15/07/19 22:55:47,10041924,7869805,None
15/07/19 22:58:16,5709005,4883226,1
15/07/19 22:58:44,16486839,8802446,None
15/07/19 23:01:12,7036747,2220269,1
15/07/19 23:01:41,8136926,4587582,None
15/07/19 23:04:12,7871375,19548224,1
15/07/19 23:04:42,11553492,9074266,None
15/07/19 23:07:11,4800104,2004070,1
15/07/19 23:07:39,6372609,9952814,None
15/07/19 23:10:10,5522550,2945236,1
15/07/19 23:10:38,13542808,8224253,None
15/07/19 23:13:07,4302734,3866346,1
15/07/19 23:13:37,6480202,7463144,None
15/07/19 23:16:06,1837450,1562262,1
15/07/19 23:16:40,4546284,9293771,None
15/07/19 23:19:13,4903700,1676044,1
15/07/19 23:19:44,6698073,6903867,None
15/07/19 23:22:16,4611578,3563538,1
15/07/19 23:22:45,13765109,4805225,None
15/07/19 23:25:14,4075790,3344410,1
15/07/19 23:25:42,7552032,77028181,None
15/07/19 23:28:21,2241936,1569926,1
15/07/19 23:28:52,3950188,8163998,None
15/07/19 23:31:23,2299923,1642924,1
15/07/19 23:31:52,8126862,3665247,None
15/07/19 23:34:26,5574787,2805819,1
15/07/19 23:35:00,9293694,10631624,None
15/07/19 23:37:29,4476202,14912460,1
15/07/19 23:37:58,15587675,69589550,None
15/07/19 23:40:32,6037129,2064189,1
15/07/19 23:41:02,16884323,8893257,None
15/07/19 23:43:31,7075241,3984001,1
15/07/19 23:44:02,31485927,8771141,None
15/07/19 23:46:31,3753605,1812964,1
15/07/19 23:47:03,13037132,7080259,None
15/07/19 23:49:36,5532132,3263986,1
15/07/19 23:50:04,25110736,4752803,None
15/07/19 23:52:33,22795992,2368857,1
15/07/19 23:53:02,51261804,9297315,None
15/07/19 23:55:30,12631072,2426722,1
15/07/19 23:55:58,28763138,4778648,None
15/07/19 23:58:28,9706648,1649431,1
15/07/19 23:58:58,50646593,7401085,None
16/07/19 00:01:27,10025316,3116629,1
16/07/19 00:02:00,20366466,4539089,None
16/07/19 00:04:30,13844131,2206376,1
16/07/19 00:04:59,25338947,75015435,None
16/07/19 00:07:38,9385198,1025084,1
16/07/19 00:08:08,65744309,5107584,None
16/07/19 00:10:36,25590725,2971806,1
16/07/19 00:11:04,62150324,6491214,None
16/07/19 00:13:33,15516567,2995475,1
16/07/19 00:14:01,57947176,12735290,None
16/07/19 00:16:29,13975041,1238964,1
16/07/19 00:16:58,60160699,7843572,None
16/07/19 00:19:27,16707737,2960194,1
16/07/19 00:19:54,56362174,7155315,None
16/07/19 00:22:22,28161774,16917973,1
16/07/19 00:22:56,68032485,3845114,None
16/07/19 00:25:26,47599439,3776340,1
16/07/19 00:25:53,81905425,7840532,None
16/07/19 00:28:21,22220429,15817002,1
16/07/19 00:28:52,50300426,74502724,None
16/07/19 00:31:22,33489082,3686698,1
16/07/19 00:31:51,81414305,5231546,None
16/07/19 00:34:19,28480777,3548468,1
16/07/19 00:34:47,39455858,3909080,None
16/07/19 00:37:14,29425527,4838180,1
16/07/19 00:37:43,72096291,9121399,None
16/07/19 00:40:11,30108076,3036107,1
16/07/19 00:40:39,77333803,9304306,None
16/07/19 00:43:08,10212589,17687288,1
16/07/19 00:43:36,82186108,8567786,None
16/07/19 00:46:04,30524719,2319667,1
16/07/19 00:46:32,86558540,6780352,None
16/07/19 00:49:01,40973765,2417491,1
16/07/19 00:49:30,51304689,7685939,None
16/07/19 00:52:01,40036778,3731732,1
16/07/19 00:52:32,59963712,79851632,None
16/07/19 00:55:01,70139048,2661062,1
16/07/19 00:55:30,64309162,4860583,None
16/07/19 00:57:59,47329527,2196579,1
16/07/19 00:58:27,80906748,4920599,None
16/07/19 01:00:57,35018280,4761798,1
16/07/19 01:01:28,65847756,8364917,None
16/07/19 01:03:57,59275017,3528125,1
16/07/19 01:04:26,77742651,9684366,None
16/07/19 01:06:55,46207298,19860118,1
16/07/19 01:07:25,81562684,5434314,None
16/07/19 01:09:53,64399088,3909115,1
16/07/19 01:10:23,85569969,8569107,None
16/07/19 01:12:52,14413187,17592061,1
16/07/19 01:13:20,58373972,4917378,None
16/07/19 01:15:48,68124116,3172687,1
16/07/19 01:16:17,69172163,79076510,None
16/07/19 01:18:46,55404061,3620170,1
16/07/19 01:19:14,81148560,8890652,None
16/07/19 01:21:43,67424000,4014259,1
16/07/19 01:22:11,83470878,11052713,None
16/07/19 01:24:40,54169281,4026586,1
16/07/19 01:25:08,90725848,9580913,None
16/07/19 01:27:36,58397408,2432498,1
16/07/19 01:28:04,89243940,8347826,None
16/07/19 01:30:31,37567745,1239876,1
16/07/19 01:31:00,88963381,7383501,None
16/07/19 01:33:29,49474131,3143891,1
16/07/19 01:33:57,86992969,6311170,None
16/07/19 01:36:25,50925210,4421918,1
16/07/19 01:36:53,89844680,11402921,None
16/07/19 01:39:21,37007194,2329700,1
16/07/19 01:39:49,83264468,8918144,None
16/07/19 01:42:18,45285149,2743640,1
16/07/19 01:42:46,82895698,8395052,None
16/07/19 01:45:15,46503310,2433423,1
16/07/19 01:45:43,82570851,6964379,None
16/07/19 01:48:12,65031839,2973679,1
16/07/19 01:48:41,68930260,81481413,None
16/07/19 01:51:10,58768212,2339930,1
16/07/19 01:51:38,82536213,6964694,None
16/07/19 01:54:06,35382410,1195164,1
16/07/19 01:54:36,83569346,10550044,None
16/07/19 01:57:04,60087120,5406319,1
16/07/19 01:57:32,90184581,9895699,None
16/07/19 02:00:00,31993806,20662877,1
16/07/19 02:00:30,82391132,7557906,None
16/07/19 02:03:00,68608303,3346838,1
16/07/19 02:03:28,90795397,8541710,None
16/07/19 02:05:56,66230095,4639394,1
16/07/19 02:06:24,90568841,9269717,None
16/07/19 02:08:52,33846266,2581439,1
16/07/19 02:09:20,67358079,7729851,None
16/07/19 02:11:49,49985618,2223196,1
16/07/19 02:12:17,83359334,9669839,None
16/07/19 02:14:44,48009481,3306073,1
16/07/19 02:15:13,87026062,8333633,None
16/07/19 02:17:41,35196707,2134476,1
16/07/19 02:18:09,90718989,6860895,None
16/07/19 02:20:39,66958136,2658037,1
16/07/19 02:21:07,63239269,9209214,None
16/07/19 02:23:35,60509603,2542124,1
16/07/19 02:24:03,69673346,7667187,None
16/07/19 02:26:31,41217529,2103225,1
16/07/19 02:27:00,76613756,5556122,None
16/07/19 02:29:28,56570027,3176230,1
16/07/19 02:29:56,71280452,4103313,None
16/07/19 02:32:26,66985021,2019225,1
16/07/19 02:32:54,68433546,9656334,None
16/07/19 02:35:25,37289379,3552996,1
16/07/19 02:35:54,78501842,3983796,None
16/07/19 02:38:23,54293047,2585796,1
16/07/19 02:38:51,90763972,10010818,None
16/07/19 02:41:19,59078815,2796811,1
16/07/19 02:41:47,75887329,82297759,None
16/07/19 02:44:19,40282326,3388847,1
16/07/19 02:44:49,85924970,81473044,None
16/07/19 02:47:19,71561554,2623268,1
16/07/19 02:47:50,89451056,12176246,None
16/07/19 02:50:17,45448772,20962579,1
16/07/19 02:50:50,89470248,6854894,None
16/07/19 02:53:17,48657717,4738310,1
16/07/19 02:53:45,70922313,4938458,None
16/07/19 02:56:16,51054382,3076720,1
16/07/19 02:56:44,91188734,10143854,None
16/07/19 02:59:12,53864678,2314904,1
16/07/19 02:59:40,90613233,11476669,None
16/07/19 03:02:09,52449151,3783947,1
16/07/19 03:02:38,46903501,8113196,None
16/07/19 03:05:13,44092098,20467776,1
16/07/19 03:05:44,86874624,5696487,None
16/07/19 03:08:12,43912670,3953231,1
16/07/19 03:08:40,89586623,9610019,None
16/07/19 03:11:08,58043961,3328698,1
16/07/19 03:11:36,80041388,8194272,None
16/07/19 03:14:04,61425752,4531641,1
16/07/19 03:14:33,88690303,9481952,None
16/07/19 03:17:03,48870496,1702721,1
16/07/19 03:17:31,89805578,7643682,None
16/07/19 03:20:00,32580350,2398669,1
16/07/19 03:20:28,82412475,5296600,None
16/07/19 03:22:59,50516916,2245150,1
16/07/19 03:23:28,89920287,8497798,None
16/07/19 03:25:56,45133294,20471828,1
16/07/19 03:26:26,76586347,4307193,None
16/07/19 03:28:56,31561314,3144050,1
16/07/19 03:29:25,90727772,10919627,None
16/07/19 03:31:53,54079751,3482995,1
16/07/19 03:32:22,87729934,4550568,None
16/07/19 03:34:49,54216160,2753480,1
16/07/19 03:35:18,89249538,9991992,None
16/07/19 03:37:46,59379173,5388967,1
16/07/19 03:38:13,84995834,4288891,None
16/07/19 03:40:41,58865877,4848745,1
16/07/19 03:41:09,52037350,8363370,None
16/07/19 03:43:43,34218429,16792752,1
16/07/19 03:44:13,89733413,7236612,None
16/07/19 03:46:40,68486526,2313420,1
16/07/19 03:47:08,89446397,7126702,None
16/07/19 03:49:36,38137582,2328649,1
16/07/19 03:50:06,74860324,81589787,None
16/07/19 03:52:36,58037745,2961124,1
16/07/19 03:53:04,78802894,3918566,None
16/07/19 03:55:33,37783015,2845953,1
16/07/19 03:56:02,86657714,4922159,None
16/07/19 03:58:29,52059413,18319860,1
16/07/19 03:58:57,78874265,12226924,None
16/07/19 04:01:25,58581088,2305834,1
16/07/19 04:01:52,83200508,79312456,None
16/07/19 04:04:21,53454088,4939194,1
16/07/19 04:04:50,73640084,82158436,None
16/07/19 04:07:19,44660231,1654911,1
16/07/19 04:07:47,64536802,80776562,None
16/07/19 04:10:16,43006597,1690679,1
16/07/19 04:10:45,88516777,10779904,None
16/07/19 04:13:13,37193739,21045734,1
16/07/19 04:13:43,83111203,10174877,None
16/07/19 04:16:11,72081532,2455743,1
16/07/19 04:16:38,88584977,9487816,None
16/07/19 04:19:06,56142612,3975834,1
16/07/19 04:19:35,83841456,5480629,None
16/07/19 04:22:05,64714075,2221392,1
16/07/19 04:22:32,84704256,8212400,None
16/07/19 04:25:00,65900349,2149209,1
16/07/19 04:25:27,83607887,10491855,None
16/07/19 04:27:56,24741554,1987229,1
16/07/19 04:28:26,90091430,7140679,None
16/07/19 04:30:54,46462976,1860510,1
16/07/19 04:31:23,82569633,8828642,None
16/07/19 04:33:51,58225740,3837393,1
16/07/19 04:34:20,52215202,4534452,None
16/07/19 04:36:49,64499496,3014132,1
16/07/19 04:37:18,70470886,82695967,None
16/07/19 04:39:47,28695042,1548825,1
16/07/19 04:40:19,90789181,11075575,None
16/07/19 04:42:46,51270841,5181967,1
16/07/19 04:43:14,85297528,5184430,None
16/07/19 04:45:42,54578188,2220493,1
16/07/19 04:46:12,79051981,7554252,None
16/07/19 04:48:40,46699824,3926275,1
16/07/19 04:49:08,89331382,7656124,None
16/07/19 04:51:36,27915765,19910943,1
16/07/19 04:52:06,89487916,11548226,None
16/07/19 04:54:33,3334969,2813780,1
16/07/19 04:55:02,52208347,77305000,None
16/07/19 04:57:31,55321098,1649350,1
16/07/19 04:58:00,82902106,9700020,None
16/07/19 05:00:27,50702967,2050502,1
16/07/19 05:00:59,75903027,79153301,None
16/07/19 05:03:27,46582409,4275201,1
16/07/19 05:03:55,83862306,11220289,None
16/07/19 05:06:24,42853853,4562075,1
16/07/19 05:06:52,71555563,81931511,None
16/07/19 05:09:21,69093518,2354638,1
16/07/19 05:09:48,77003282,8242279,None
16/07/19 05:12:17,45233021,2659885,1
16/07/19 05:12:44,84157266,6255926,None
16/07/19 05:15:13,10214562,4566820,1
16/07/19 05:15:42,79897999,6309397,None
16/07/19 05:18:14,13149900,2265119,1
16/07/19 05:18:43,86694659,8935665,None
16/07/19 05:21:11,59628621,2889004,1
16/07/19 05:21:39,80422241,10176800,None
16/07/19 05:24:07,55277154,2602148,1
16/07/19 05:24:35,86412964,82105475,None
16/07/19 05:27:05,37739081,1998440,1
16/07/19 05:27:36,85514180,9091221,None
16/07/19 05:30:04,54759645,2169142,1
16/07/19 05:30:33,83400235,83336369,None
16/07/19 05:33:01,67041840,2694516,1
16/07/19 05:33:30,74758409,4120088,None
16/07/19 05:36:00,39232176,1944635,1
16/07/19 05:36:30,79695395,5199626,None
16/07/19 05:38:59,66507333,6537253,1
16/07/19 05:39:27,82222577,5375563,None
16/07/19 05:41:56,62491708,2410803,1
16/07/19 05:42:24,80577925,4996750,None
16/07/19 05:44:53,66624355,3917613,1
16/07/19 05:45:21,88327833,11304339,None
16/07/19 05:47:48,45630754,1197285,1
16/07/19 05:48:19,86226091,9347958,None
16/07/19 05:50:47,47004501,3278513,1
16/07/19 05:51:16,83427379,7104971,None
16/07/19 05:53:44,51510858,1853180,1
16/07/19 05:54:13,89660298,6962493,None
16/07/19 05:56:42,48571897,3555255,1
16/07/19 05:57:11,89346004,9049471,None
16/07/19 05:59:39,33996284,1783387,1
16/07/19 06:00:08,89316120,8733536,None
16/07/19 06:02:37,51433282,3575147,1
16/07/19 06:03:05,83454253,9489696,None
16/07/19 06:05:32,61575492,2123026,1
16/07/19 06:06:05,82197322,11039513,None
16/07/19 06:08:33,51796292,1201008,1
16/07/19 06:09:03,86337978,10047984,None
16/07/19 06:11:31,22642167,1559295,1
16/07/19 06:12:01,91433284,10289726,None
16/07/19 06:14:28,51532476,2133640,1
16/07/19 06:14:57,75146730,81715155,None
16/07/19 06:17:27,56898032,2019302,1
16/07/19 06:17:55,90091148,10243552,None
16/07/19 06:20:22,33843384,21889676,1
16/07/19 06:20:50,80076321,4777301,None
16/07/19 06:23:20,59495957,4006259,1
16/07/19 06:23:47,77197517,4522181,None
16/07/19 06:26:15,73856483,2221199,1
16/07/19 06:26:43,80883597,81899413,None
16/07/19 06:29:13,57474470,2400498,1
16/07/19 06:29:40,86100057,8597451,None
16/07/19 06:32:11,63053541,2596114,1
16/07/19 06:32:39,79755019,81206009,None
16/07/19 06:35:09,59214860,2638534,1
16/07/19 06:35:37,81605600,9151130,None
16/07/19 06:38:06,38036869,1202528,1
16/07/19 06:38:35,88966653,11279865,None
16/07/19 06:41:04,64033393,2033123,1
16/07/19 06:41:32,79394201,7585625,None
16/07/19 06:44:00,49786561,1592933,1
16/07/19 06:44:29,89932340,6186505,None
16/07/19 06:46:56,33645501,3248856,1
16/07/19 06:47:24,89534901,8389604,None
16/07/19 06:49:53,60701650,1188941,1
16/07/19 06:50:23,90744597,8144640,None
16/07/19 06:52:51,52157457,2357223,1
16/07/19 06:53:20,90433560,9041733,None
16/07/19 06:55:49,64861894,2317662,1
16/07/19 06:56:18,84622858,82534544,None
16/07/19 06:58:47,50122642,3691217,1
16/07/19 06:59:15,90689750,10113956,None
16/07/19 07:01:42,60189774,4938170,1
16/07/19 07:02:10,84988334,10976998,None
16/07/19 07:04:37,40859245,5292809,1
16/07/19 07:05:05,82735953,6161873,None
16/07/19 07:07:35,47317552,2139662,1
16/07/19 07:08:04,89091139,7881562,None
16/07/19 07:10:33,49350565,2961948,1
16/07/19 07:11:08,89790354,10921504,None
16/07/19 07:13:36,40702496,20246396,1
16/07/19 07:14:07,87416950,5349398,None
16/07/19 07:16:36,65168765,2701197,1
16/07/19 07:17:04,85306138,7922025,None
16/07/19 07:19:34,56849106,2533845,1
16/07/19 07:20:02,81434844,10206760,None
16/07/19 07:22:31,13237167,2442109,1
16/07/19 07:22:58,84856447,8479826,None
16/07/19 07:25:26,25817680,1174916,1
16/07/19 07:25:56,87213361,4467844,None
16/07/19 07:28:25,38175472,3210755,1
16/07/19 07:28:53,90942753,8186934,None
16/07/19 07:31:22,43431626,1329961,1
16/07/19 07:31:51,84076397,6634606,None
16/07/19 07:34:19,43671216,2034018,1
16/07/19 07:34:48,90414102,9854229,None
16/07/19 07:37:17,40110710,2191438,1
16/07/19 07:37:46,85443109,10419673,None
16/07/19 07:40:14,63884886,2810183,1
16/07/19 07:40:42,66759345,8279250,None
16/07/19 07:43:10,59099406,3287995,1
16/07/19 07:43:38,83836512,7333003,None
16/07/19 07:46:06,66622404,2231398,1
16/07/19 07:46:34,83131726,82783106,None
16/07/19 07:49:05,18500247,3698628,1
16/07/19 07:49:34,86424724,8562032,None
16/07/19 07:52:02,66350953,2391491,1
16/07/19 07:52:30,82362479,3839156,None
16/07/19 07:54:59,46870513,4880250,1
16/07/19 07:55:27,84833435,82078015,None
16/07/19 07:57:56,64443791,4105420,1
16/07/19 07:58:25,85918665,5369784,None
16/07/19 08:00:53,57462319,2328691,1
16/07/19 08:01:21,32164156,7050732,None
16/07/19 08:03:48,41980972,3256691,1
16/07/19 08:04:16,87481183,10768109,None
16/07/19 08:06:43,28475584,1898966,1
16/07/19 08:07:14,87549616,9433359,None
16/07/19 08:09:42,34466261,20618040,1
16/07/19 08:10:11,79701931,5473246,None
16/07/19 08:12:39,34946365,2459922,1
16/07/19 08:13:09,88450700,8925794,None
16/07/19 08:15:37,36594398,3632464,1
16/07/19 08:16:05,90152055,9186999,None
16/07/19 08:18:33,55987585,3327355,1
16/07/19 08:19:01,88730757,9126103,None
16/07/19 08:21:29,54663864,4050566,1
16/07/19 08:21:57,82188536,6108296,None
16/07/19 08:24:25,40070169,3757039,1
16/07/19 08:24:53,75838462,7872055,None
16/07/19 08:27:21,35074618,20495933,1
16/07/19 08:28:00,82697637,4231794,None
16/07/19 08:30:29,42347440,20912569,1
16/07/19 08:30:58,81263279,3852369,None
16/07/19 08:33:29,41383905,20380044,1
16/07/19 08:34:00,81243966,5042799,None
16/07/19 08:36:30,39250545,18036989,1
16/07/19 08:36:59,88223018,8403537,None
16/07/19 08:39:30,46792802,2879028,1
16/07/19 08:39:59,83451858,7980820,None
16/07/19 08:42:26,39876342,1201895,1
16/07/19 08:42:55,89653092,12753111,None
16/07/19 08:45:23,56951601,4485124,1
16/07/19 08:45:51,80793474,7977134,None
16/07/19 08:48:20,54687743,2151727,1
16/07/19 08:48:49,90038234,8562534,None
16/07/19 08:51:18,50873554,3168512,1
16/07/19 08:51:47,87026920,8915464,None
16/07/19 08:54:15,29537068,3261648,1
16/07/19 08:54:45,80295143,4523938,None
16/07/19 08:57:13,57271241,3585344,1
16/07/19 08:57:41,86703013,6338648,None
16/07/19 09:00:10,53071640,2519395,1
16/07/19 09:00:39,84964100,4110069,None
16/07/19 09:03:08,32660416,2385722,1
16/07/19 09:03:37,80894428,9320925,None
16/07/19 09:06:04,69742571,2868743,1
16/07/19 09:06:32,75548284,3958968,None
16/07/19 09:09:01,59315073,2807439,1
16/07/19 09:09:28,89830926,8726235,None
16/07/19 09:11:56,51248744,3325986,1
16/07/19 09:12:25,89615991,7902141,None
16/07/19 09:14:55,10183218,2206250,1
16/07/19 09:15:23,74177587,10387002,None
16/07/19 09:17:51,59296947,2148846,1
16/07/19 09:18:18,88413132,7241429,None
16/07/19 09:20:47,64403130,2286218,1
16/07/19 09:21:14,85696659,9760065,None
16/07/19 09:23:42,39017602,1641966,1
16/07/19 09:24:11,71440158,78983242,None
16/07/19 09:26:40,61953928,3567081,1
16/07/19 09:27:08,84753106,5919806,None
16/07/19 09:29:37,60945815,2339985,1
16/07/19 09:30:06,84300489,9433321,None
16/07/19 09:32:34,43023480,1376447,1
16/07/19 09:33:03,81256571,10036785,None
16/07/19 09:35:31,59914050,3980556,1
16/07/19 09:36:02,85258710,7113794,None
16/07/19 09:38:30,50266585,4046309,1
16/07/19 09:39:00,79293086,6276725,None
16/07/19 09:41:30,56220527,2572722,1
16/07/19 09:41:58,90785771,7020235,None
16/07/19 09:44:26,26536630,2291127,1
16/07/19 09:44:54,83011775,79877990,None
16/07/19 09:47:28,39707519,1547733,1
16/07/19 09:47:56,88694023,9976575,None
16/07/19 09:50:24,38001901,2096130,1
16/07/19 09:50:51,83037936,5156331,None
16/07/19 09:53:21,49052549,20366924,1
16/07/19 09:53:53,81968809,9401347,None
16/07/19 09:56:22,26847798,3326870,1
16/07/19 09:56:50,59163082,4001562,None
16/07/19 09:59:21,32463415,1723841,1
16/07/19 09:59:48,85597692,5482468,None
16/07/19 10:02:18,52906806,2856670,1
16/07/19 10:02:47,80131838,6095412,None
16/07/19 10:05:14,28176085,3458381,1
16/07/19 10:05:42,79826927,6600100,None
16/07/19 10:08:10,43778463,2996794,1
16/07/19 10:08:40,79368146,8451521,None
16/07/19 10:11:11,32151746,2332351,1
16/07/19 10:11:38,90748881,8194397,None
16/07/19 10:14:06,70073011,2881006,1
16/07/19 10:14:35,69479479,80026848,None
16/07/19 10:17:04,61161272,2347188,1
16/07/19 10:17:31,91110175,11194512,None
16/07/19 10:19:59,48874988,20127759,1
16/07/19 10:20:32,65415746,80977676,None
16/07/19 10:23:02,32990076,1554596,1
16/07/19 10:23:30,70293366,80908597,None
16/07/19 10:26:00,67193482,2631477,1
16/07/19 10:26:29,75860462,5319723,None
16/07/19 10:28:57,72328399,2532423,1
16/07/19 10:29:25,83382756,9488178,None
16/07/19 10:31:52,57662993,2638081,1
16/07/19 10:32:21,87933654,10141650,None
16/07/19 10:34:49,67261319,2167530,1
16/07/19 10:35:17,74624231,5083312,None
16/07/19 10:37:45,28790179,1249944,1
16/07/19 10:38:15,79975704,80674802,None
16/07/19 10:40:44,44998548,2204897,1
16/07/19 10:41:13,86694817,9306413,None
16/07/19 10:43:41,52247677,3611153,1
16/07/19 10:44:09,83283562,8616643,None
16/07/19 10:46:38,37189930,1176271,1
16/07/19 10:47:07,88467830,9269999,None
16/07/19 10:49:35,50477376,2409370,1
16/07/19 10:50:03,84795786,4545678,None
16/07/19 10:52:33,46006752,3287040,1
16/07/19 10:53:01,82479109,82549658,None
16/07/19 10:55:30,52919060,3342674,1
16/07/19 10:55:59,69668421,9239143,None
16/07/19 10:58:28,13663963,1186874,1
16/07/19 10:58:57,66065075,11146497,None
16/07/19 11:01:25,39623815,3920744,1
16/07/19 11:01:56,89055139,8984886,None
16/07/19 11:04:24,45919210,1223388,1
16/07/19 11:04:54,90003912,9424208,None
16/07/19 11:07:21,56781710,3569858,1
16/07/19 11:07:49,64461692,8783378,None
16/07/19 11:10:18,38599669,1699788,1
16/07/19 11:10:52,83335133,82946994,None
16/07/19 11:13:20,64629535,4008656,1
16/07/19 11:13:48,84815981,9122375,None
16/07/19 11:16:16,48848830,4309758,1
16/07/19 11:16:44,88161741,4012705,None
16/07/19 11:19:13,32123261,1627850,1
16/07/19 11:19:42,85953981,8008247,None
16/07/19 11:22:11,60294447,2068832,1
16/07/19 11:22:41,83187864,80642650,None
16/07/19 11:25:09,52253201,2615068,1
16/07/19 11:25:37,88064324,7207397,None
16/07/19 11:28:05,66251985,2925511,1
16/07/19 11:28:33,85413715,8550450,None
16/07/19 11:31:01,53492978,3352285,1
16/07/19 11:31:29,83331236,6506559,None
16/07/19 11:33:57,45617473,3974660,1
16/07/19 11:34:27,90723665,7684498,None
16/07/19 11:36:55,33876406,1235077,1
16/07/19 11:37:23,81193645,4405749,None
16/07/19 11:39:51,34933701,20342079,1
16/07/19 11:40:20,87224241,9809755,None
16/07/19 11:42:48,32895966,1490554,1
16/07/19 11:43:17,78182559,7871231,None
16/07/19 11:45:45,50637660,3028996,1
16/07/19 11:46:14,87815486,11147267,None
16/07/19 11:48:42,68396021,2509741,1
16/07/19 11:49:18,84242611,5198591,None
16/07/19 11:51:47,16570730,2473766,1
16/07/19 11:52:15,79115388,4793582,None
16/07/19 11:54:44,27821571,1230390,1
16/07/19 11:55:12,84943123,5204238,None
16/07/19 11:57:43,62453444,3933787,1
16/07/19 11:58:10,81343054,10457411,None
16/07/19 12:00:38,17933884,1684089,1
16/07/19 12:01:09,88361605,7806703,None
16/07/19 12:03:37,52000354,2171522,1
16/07/19 12:04:05,84695238,5873899,None
16/07/19 12:06:34,29597288,2416939,1
16/07/19 12:07:03,83272103,8958704,None
16/07/19 12:09:32,51439502,2389002,1
16/07/19 12:10:00,82044140,9040263,None
16/07/19 12:12:28,35121765,2195911,1
16/07/19 12:12:59,90498713,11863940,None
16/07/19 12:15:28,55607141,3834938,1
16/07/19 12:15:58,84353888,9011816,None
16/07/19 12:18:26,56477810,5532444,1
16/07/19 12:18:53,77945911,10421601,None
16/07/19 12:21:21,65376488,4311234,1
16/07/19 12:21:50,89821528,9808036,None
16/07/19 12:24:18,38754961,20739508,1
16/07/19 12:24:48,74493318,8468039,None
16/07/19 12:27:16,38826820,2595867,1
16/07/19 12:27:46,58048557,5661961,None
16/07/19 12:30:18,34215329,3039804,1
16/07/19 12:30:52,81396952,8507726,None
16/07/19 12:33:20,36671144,3313384,1
16/07/19 12:33:49,90904022,7496254,None
16/07/19 12:36:17,65530248,2802775,1
16/07/19 12:36:44,86559650,8003621,None
16/07/19 12:39:12,52413879,3718783,1
16/07/19 12:39:42,59712736,8537323,None
16/07/19 12:42:16,32411338,3519475,1
16/07/19 12:42:44,77070183,82487442,None
16/07/19 12:45:21,32731890,21998115,1
16/07/19 12:45:49,80816377,7908390,None
16/07/19 12:48:17,46886723,2759408,1
16/07/19 12:48:45,89051846,9244197,None
16/07/19 12:51:13,61874640,3014368,1
16/07/19 12:51:41,84631899,4904741,None
16/07/19 12:54:11,66519517,2264885,1
16/07/19 12:54:39,65451121,9386640,None
16/07/19 12:57:07,68218333,2287529,1
16/07/19 12:57:35,75481866,83902929,None
16/07/19 13:00:04,32119086,2765456,1
16/07/19 13:00:33,90335909,4589094,None
16/07/19 13:03:01,44615686,23775582,1
16/07/19 13:03:34,78762060,82056427,None
16/07/19 13:06:03,47371408,2479923,1
16/07/19 13:06:30,78319141,4900164,None
16/07/19 13:09:00,57279271,2919475,1
16/07/19 13:09:28,83650429,5955215,None
16/07/19 13:11:56,48290016,2796652,1
16/07/19 13:12:24,89590573,7534967,None
16/07/19 13:14:52,44925535,2251172,1
16/07/19 13:15:20,55300462,4724536,None
16/07/19 13:17:50,54082832,2751901,1
16/07/19 13:18:17,89890335,10311074,None
16/07/19 13:20:46,58966057,2489525,1
16/07/19 13:21:14,88912945,10990421,None
16/07/19 13:23:42,45175120,20679718,1
16/07/19 13:24:16,68872438,7421313,None
16/07/19 13:26:44,36101364,1353722,1
16/07/19 13:27:12,82702688,82088002,None
16/07/19 13:29:44,50528107,1553888,1
16/07/19 13:30:15,90304000,8005029,None
16/07/19 13:32:44,55168217,3764754,1
16/07/19 13:33:13,89980063,8387621,None
16/07/19 13:35:40,36472553,1546838,1
16/07/19 13:36:09,83771788,9454512,None
16/07/19 13:38:37,46885164,2271257,1
16/07/19 13:39:05,76336702,82739662,None
16/07/19 13:41:35,37574993,2402359,1
16/07/19 13:42:03,85306217,8502410,None
16/07/19 13:44:31,44584543,1166644,1
16/07/19 13:45:01,77093156,7237457,None
16/07/19 13:47:31,38280366,20519448,1
16/07/19 13:47:59,84493307,6533136,None
16/07/19 13:50:29,45516177,2215117,1
16/07/19 13:50:58,77955016,81342432,None
16/07/19 13:53:30,48480670,21518219,1
16/07/19 13:53:58,76945734,4118220,None
16/07/19 13:56:27,71032466,4536025,1
16/07/19 13:56:57,83259990,9451365,None
16/07/19 13:59:25,61605758,2309423,1
16/07/19 13:59:52,64725275,81763848,None
16/07/19 14:02:28,56142689,3679505,1
16/07/19 14:02:57,86052760,8561697,None
16/07/19 14:05:25,44421164,3639211,1
16/07/19 14:05:54,86388148,4577558,None
16/07/19 14:08:21,68529664,2547396,1
16/07/19 14:08:50,71008910,10072590,None
16/07/19 14:11:20,48178769,22419787,1
16/07/19 14:11:52,88698155,9035661,None
16/07/19 14:14:20,57917209,3164660,1
16/07/19 14:14:49,84493223,5259559,None
16/07/19 14:17:16,56362165,2556493,1
16/07/19 14:17:46,85831958,5234933,None
16/07/19 14:20:15,41353162,2236317,1
16/07/19 14:20:43,63773701,7777366,None
16/07/19 14:23:11,38470216,2587275,1
16/07/19 14:23:39,82698427,8725430,None
16/07/19 14:26:08,41261742,20527606,1
16/07/19 14:26:38,85669107,7726150,None
16/07/19 14:29:05,62530240,3080832,1
16/07/19 14:29:33,75235177,8030039,None
16/07/19 14:32:02,44607113,1426843,1
16/07/19 14:32:32,73906029,80100797,None
16/07/19 14:35:01,59619865,2791181,1
16/07/19 14:35:30,90422267,9973984,None
16/07/19 14:37:57,45065917,1921371,1
16/07/19 14:38:27,90625119,7669211,None
16/07/19 14:40:55,41390325,1236071,1
16/07/19 14:41:25,89443172,10027519,None
16/07/19 14:43:54,56995813,4880265,1
16/07/19 14:44:22,87862481,8165914,None
16/07/19 14:46:51,46932262,4384313,1
16/07/19 14:47:18,80201855,84713788,None
16/07/19 14:49:48,42116499,2977238,1
16/07/19 14:50:17,78262752,5252753,None
16/07/19 14:52:46,46066491,15921673,1
16/07/19 14:53:22,77952010,8222723,None
16/07/19 14:55:50,39541018,1664288,1
16/07/19 14:56:20,90476848,7716915,None
16/07/19 14:58:47,39929316,3365341,1
16/07/19 14:59:17,89406259,8178261,None
16/07/19 15:01:45,70364164,2541156,1
16/07/19 15:02:13,81434964,81894740,None
16/07/19 15:04:46,50890221,16524362,1
16/07/19 15:05:14,77681673,75585063,None
16/07/19 15:07:45,36537619,22431679,1
16/07/19 15:08:13,84532367,80297554,None
16/07/19 15:10:44,63272755,3252845,1
16/07/19 15:11:12,89365988,9920089,None
16/07/19 15:13:39,62704059,3277018,1
16/07/19 15:14:07,83505277,8754451,None
16/07/19 15:16:38,26019032,19376390,1
16/07/19 15:17:09,68529294,5195734,None
16/07/19 15:19:37,35754787,1223302,1
16/07/19 15:20:09,87057400,7895052,None
16/07/19 15:22:37,47758759,19528947,1
16/07/19 15:23:09,78298696,81076287,None
16/07/19 15:25:38,44081645,2742735,1
16/07/19 15:26:05,90428823,11531947,None
16/07/19 15:28:33,51698232,1241788,1
16/07/19 15:29:01,84709802,7565377,None
16/07/19 15:31:30,44169370,2401753,1
16/07/19 15:31:59,73709303,4361826,None
16/07/19 15:34:27,21919744,1359978,1
16/07/19 15:34:58,86079845,10291111,None
16/07/19 15:37:26,45920263,3123159,1
16/07/19 15:37:53,75728041,7937602,None
16/07/19 15:40:22,57713400,2184634,1
16/07/19 15:40:49,89410523,7622017,None
16/07/19 15:43:17,40975502,1232191,1
16/07/19 15:43:46,83351627,8969913,None
16/07/19 15:46:14,22175261,2695028,1
16/07/19 15:46:42,87931785,7728573,None
16/07/19 15:49:10,44221164,19830170,1
16/07/19 15:49:38,76253540,4057691,None
16/07/19 15:52:10,34708858,19115909,1
16/07/19 15:52:40,87115545,7507816,None
16/07/19 15:55:08,45066716,3392214,1
16/07/19 15:55:37,84366472,6376247,None
16/07/19 15:58:04,65481524,2547151,1
16/07/19 15:58:32,89869280,8224835,None
16/07/19 16:01:00,56547246,3329842,1
16/07/19 16:01:28,89629415,10270027,None
16/07/19 16:03:57,41378319,1572553,1
16/07/19 16:04:27,80246961,9548776,None
16/07/19 16:06:55,12864478,1449617,1
16/07/19 16:07:25,86355121,8396731,None
16/07/19 16:09:54,19108144,1961315,1
16/07/19 16:10:23,67190081,74889371,None
16/07/19 16:12:54,18200297,2110587,1
16/07/19 16:13:23,79962003,12971214,None
16/07/19 16:15:52,44352498,17606541,1
16/07/19 16:16:20,67974184,82790748,None
16/07/19 16:18:51,49985919,2942958,1
16/07/19 16:19:19,85072169,3726588,None
16/07/19 16:21:49,28769292,2694058,1
16/07/19 16:22:20,82188128,4765043,None
16/07/19 16:24:52,43748822,1413860,1
16/07/19 16:25:22,89960857,7512756,None
16/07/19 16:27:51,60192007,3259840,1
16/07/19 16:28:19,68718747,4165125,None
16/07/19 16:30:49,26360242,17331481,1
16/07/19 16:31:18,83514956,9454216,None
16/07/19 16:33:47,44344768,17617200,1
16/07/19 16:34:18,80721106,7019247,None
16/07/19 16:36:46,44997520,2801548,1
16/07/19 16:37:15,90050365,10287732,None
16/07/19 16:39:43,26778696,3352955,1
16/07/19 16:40:11,88335401,11388042,None
16/07/19 16:42:41,45300161,3807473,1
16/07/19 16:43:11,84603278,5119380,None
16/07/19 16:45:40,46933671,2957296,1
16/07/19 16:46:08,52345623,82097889,None
16/07/19 16:48:36,34248475,22205293,1
16/07/19 16:49:06,67198197,81293419,None
16/07/19 16:51:35,42667112,3750707,1
16/07/19 16:52:03,76116984,9435163,None
16/07/19 16:54:32,38416061,2040056,1
16/07/19 16:55:02,69512749,4885942,None
16/07/19 16:57:31,34845428,2716690,1
16/07/19 16:57:59,72706538,5596182,None
16/07/19 17:00:28,50777995,3054332,1
16/07/19 17:00:55,87235403,5477903,None
16/07/19 17:03:25,23585008,2242235,1
16/07/19 17:03:53,73155160,8010105,None
16/07/19 17:06:21,46717792,3172471,1
16/07/19 17:06:49,57550828,7186907,None
16/07/19 17:09:17,11712794,2201459,1
16/07/19 17:09:46,64629066,7519882,None
16/07/19 17:12:14,6694927,1767303,1
16/07/19 17:12:44,64369317,7485080,None
16/07/19 17:15:12,11911664,1635184,1
16/07/19 17:15:41,52390550,76429539,None
16/07/19 17:18:10,48188113,2816312,1
16/07/19 17:18:38,81033719,7807480,None
16/07/19 17:21:07,18339290,18801531,1
16/07/19 17:21:38,75754984,81091704,None
16/07/19 17:24:07,60479003,3734903,1
16/07/19 17:24:36,72023573,9763840,None
16/07/19 17:27:04,36345930,2623474,1
16/07/19 17:27:32,74604172,8687566,None
16/07/19 17:30:02,9883197,1172662,1
16/07/19 17:30:30,59037125,80585871,None
16/07/19 17:33:00,28528673,19922175,1
16/07/19 17:33:29,74827010,8346323,None
16/07/19 17:35:58,50333319,3697538,1
16/07/19 17:36:28,63329519,10200074,None
16/07/19 17:38:55,13404189,2259174,1
16/07/19 17:39:25,30786800,79441785,None
16/07/19 17:41:56,24056205,19558307,1
16/07/19 17:42:26,57726153,78304825,None
16/07/19 17:44:55,13805150,18811070,1
16/07/19 17:45:25,43809843,7506039,None
16/07/19 17:47:53,22051153,2758604,1
16/07/19 17:48:21,63074210,8756067,None
16/07/19 17:50:49,14576113,3191608,1
16/07/19 17:51:17,65678967,8769510,None
16/07/19 17:53:45,19570523,3203542,1
16/07/19 17:54:14,43499729,6822100,None
16/07/19 17:56:42,19916885,2305801,1
16/07/19 17:57:12,61777822,6355808,None
16/07/19 17:59:41,27819117,3232243,1
16/07/19 18:00:09,55641627,80447258,None
16/07/19 18:02:45,32355400,2806559,1
16/07/19 18:03:13,52780295,9046781,None
16/07/19 18:05:41,9052906,1627451,1
16/07/19 18:06:10,43668988,7910639,None
16/07/19 18:08:39,23984047,2235591,1
16/07/19 18:09:07,58311713,7901855,None
16/07/19 18:11:35,15034619,15323735,1
16/07/19 18:12:06,79965040,10609524,None
16/07/19 18:14:33,9219143,1941887,1
16/07/19 18:15:05,60028079,74560921,None
16/07/19 18:17:34,22591995,2503936,1
16/07/19 18:18:02,42853248,6641104,None
16/07/19 18:20:30,4314628,2869494,1
16/07/19 18:20:58,27647260,76519499,None
16/07/19 18:23:32,3712592,1835251,1
16/07/19 18:24:01,18883431,4298101,None
16/07/19 18:26:31,14219330,17839518,1
16/07/19 18:27:07,27783233,8342551,None
16/07/19 18:29:40,20644960,2724675,1
16/07/19 18:30:08,43954085,8364533,None
16/07/19 18:32:37,23115510,2440966,1
16/07/19 18:33:06,43447248,7365634,None
16/07/19 18:35:34,21358821,3323904,1
16/07/19 18:36:02,61741705,7847334,None
16/07/19 18:38:30,6077662,1277806,1
16/07/19 18:39:00,39671800,7393102,None
16/07/19 18:41:28,17820876,1866663,1
16/07/19 18:41:59,29430070,7721456,None
16/07/19 18:44:28,13628890,2032629,1
16/07/19 18:44:56,71632639,8064833,None
16/07/19 18:47:24,17777532,2155948,1
16/07/19 18:47:53,68116627,10896002,None
16/07/19 18:50:21,16778442,2365319,1
16/07/19 18:50:50,51484506,8778036,None
16/07/19 18:53:19,17619736,1806962,1
16/07/19 18:53:49,46967764,8658531,None
16/07/19 18:56:17,10031169,13232253,1
16/07/19 18:56:48,32413783,9475968,None
16/07/19 18:59:19,7069164,1128854,1
16/07/19 18:59:49,32886949,7317836,None
16/07/19 19:02:17,3916014,1875929,1
16/07/19 19:02:47,30314977,8723673,None
16/07/19 19:05:16,4982516,2324668,1
16/07/19 19:05:45,22282452,5245617,None
16/07/19 19:08:13,8638200,2881324,1
16/07/19 19:08:42,19586931,9501787,None
16/07/19 19:11:15,7610579,1473464,1
16/07/19 19:11:45,16592614,7773963,None
16/07/19 19:14:15,1819059,2789396,1
16/07/19 19:14:44,10238759,8236622,None
16/07/19 19:17:14,1948774,2127624,1
16/07/19 19:17:43,16165845,4629320,None
16/07/19 19:20:13,15808431,2294784,1
16/07/19 19:20:41,27387357,4259514,None
16/07/19 19:23:11,4921787,1428751,1
16/07/19 19:23:41,21394358,8079907,None
16/07/19 19:26:09,15355123,3394408,1
16/07/19 19:26:37,25381080,9770773,None
16/07/19 19:29:05,13643874,3227978,1
16/07/19 19:29:37,17851545,7482208,None
16/07/19 19:32:05,5144617,2135683,1
16/07/19 19:32:36,8972104,5376335,None
16/07/19 19:35:08,6041873,1731921,1
16/07/19 19:35:39,13161909,9224115,None
16/07/19 19:38:11,8471239,2264242,1
16/07/19 19:38:41,12445327,8832937,None
16/07/19 19:41:12,4457850,15985281,1
16/07/19 19:41:40,3931133,4356111,None
16/07/19 19:44:11,3293443,15447755,1
16/07/19 19:44:43,6626563,6360436,None
16/07/19 19:47:14,4039510,1598590,1
16/07/19 19:47:44,6332635,7489612,None
16/07/19 19:50:17,3799313,2555339,1
16/07/19 19:50:45,6567595,79169362,None
16/07/19 19:53:15,4414504,1178265,1
16/07/19 19:53:46,10153927,81387636,None
16/07/19 19:56:17,3622817,2032318,1
16/07/19 19:56:46,9527379,7515515,None
16/07/19 19:59:14,7633026,2835484,1
16/07/19 19:59:42,11526590,8388587,None
16/07/19 20:02:11,4988397,15839738,1
16/07/19 20:02:41,8556206,82245954,None
16/07/19 20:05:18,4004284,13806784,1
16/07/19 20:05:51,10545701,73115203,None
16/07/19 20:08:23,5620815,2641298,1
16/07/19 20:08:54,7882405,9788696,None
16/07/19 20:11:22,5062220,2288332,1
16/07/19 20:11:50,27062992,9733436,None
16/07/19 20:14:19,6491941,3651633,1
16/07/19 20:14:48,12181047,10842346,None
16/07/19 20:17:17,6600694,1680805,1
16/07/19 20:17:47,3089551,4489323,None
16/07/19 20:20:28,3445268,1489745,1
16/07/19 20:21:02,6975740,9893272,None
16/07/19 20:23:33,2963368,1786861,1
16/07/19 20:24:05,4664110,4606451,None
16/07/19 20:26:36,3036649,1985564,1
16/07/19 20:27:05,8505731,6803908,None
16/07/19 20:29:34,4979618,1050395,1
16/07/19 20:30:02,10572710,11254705,None
16/07/19 20:32:31,2513376,18315862,1
16/07/19 20:33:02,5978577,9104360,None
16/07/19 20:35:32,3208624,18834283,1
16/07/19 20:36:04,7553361,8047396,None
16/07/19 20:38:33,6818953,2241984,1
16/07/19 20:39:01,3980792,81660094,None
16/07/19 20:41:31,5024888,2297798,1
16/07/19 20:41:59,5179245,7784008,None
16/07/19 20:44:28,6023325,2085816,1
16/07/19 20:44:59,9942504,8110452,None
16/07/19 20:47:28,10013928,2143841,1
16/07/19 20:48:04,8769315,78452051,None
16/07/19 20:50:37,5876532,2147864,1
16/07/19 20:51:06,12097195,5938647,None
16/07/19 20:53:38,6265707,2437052,1
16/07/19 20:54:07,6546671,8271600,None
16/07/19 20:56:36,2040625,4027072,1
16/07/19 20:57:14,15305341,9174135,None
16/07/19 20:59:43,5532308,2696050,1
16/07/19 21:00:12,12327872,5498481,None
16/07/19 21:02:41,4174135,24523655,1
16/07/19 21:03:15,5484091,78920949,None
16/07/19 21:05:46,7987929,2582201,1
16/07/19 21:06:14,11843527,7687205,None
16/07/19 21:08:42,9015454,3529051,1
16/07/19 21:09:14,9125989,6629605,None
16/07/19 21:11:45,3801960,1947261,1
16/07/19 21:12:14,12775434,6417284,None
16/07/19 21:14:43,5218017,4533896,1
16/07/19 21:15:12,11061818,7308654,None
16/07/19 21:17:41,2577669,2779358,1
16/07/19 21:18:20,7372550,43736716,None
16/07/19 21:20:49,4198060,18224704,1
16/07/19 21:21:22,8108627,7147910,None
16/07/19 21:23:53,6093190,19305447,1
16/07/19 21:24:26,11776526,7807965,None
16/07/19 21:26:55,2475404,1245491,1
16/07/19 21:27:25,10014066,8735843,None
16/07/19 21:29:55,1912889,1098733,1
16/07/19 21:30:28,4891187,10983181,None
16/07/19 21:32:56,3991124,1364950,1
16/07/19 21:33:27,12867624,7350029,None
16/07/19 21:35:58,4328174,15384184,1
16/07/19 21:36:33,10259557,5920812,None
16/07/19 21:39:07,3901548,2170284,1
16/07/19 21:39:35,9625514,10793644,None
16/07/19 21:42:04,5627502,19434720,1
16/07/19 21:42:36,7637419,9760460,None
16/07/19 21:45:05,9260297,2235932,1
16/07/19 21:45:33,8105576,9247455,None
16/07/19 21:48:01,4120345,2236415,1
16/07/19 21:48:30,6872174,3977518,None
16/07/19 21:51:01,3335815,16311340,1
16/07/19 21:51:30,11842544,65271577,None
16/07/19 21:54:00,3144212,17876992,1
16/07/19 21:54:28,7677470,3763836,None
16/07/19 21:56:58,6301520,2395812,1
16/07/19 21:57:26,10134765,8343782,None
16/07/19 21:59:54,5659633,2807931,1
16/07/19 22:00:22,11040476,4512214,None
16/07/19 22:02:50,2545346,2663011,1
16/07/19 22:03:20,5444596,4787098,None
16/07/19 22:05:51,7311582,2944523,1
16/07/19 22:06:20,8279016,73777997,None
16/07/19 22:08:50,3532804,13869295,1
16/07/19 22:09:23,4221383,6200916,None
16/07/19 22:11:56,975214,9254572,1
16/07/19 22:12:39,10808464,55362505,None
16/07/19 22:15:16,750421,1661834,1
16/07/19 22:15:47,5425383,6686922,None
16/07/19 22:18:25,569020,2471102,1
16/07/19 22:19:09,5973505,7841178,None
16/07/19 22:21:40,4001156,2849680,1
16/07/19 22:22:09,8138874,8264413,None
16/07/19 22:24:38,4300860,3868241,1
16/07/19 22:25:07,5744430,7250339,None
16/07/19 22:27:36,3117063,1187768,1
16/07/19 22:28:07,5368423,7699782,None
16/07/19 22:30:38,5543825,2095979,1
16/07/19 22:31:07,12040024,3820448,None
16/07/19 22:33:37,3258934,3607467,1
16/07/19 22:34:05,7105711,60047244,None
16/07/19 22:36:36,4836563,2517718,1
16/07/19 22:37:04,11110544,4130850,None
16/07/19 22:39:33,4036460,2676741,1
16/07/19 22:40:03,9764067,9422760,None
16/07/19 22:42:33,4639819,1249348,1
16/07/19 22:43:03,8769136,7162406,None
16/07/19 22:45:33,3403884,2727968,1
16/07/19 22:46:04,16486334,6965907,None
16/07/19 22:48:36,5492961,18977082,1
16/07/19 22:49:13,4245787,74819532,None
16/07/19 22:51:44,7101137,2550663,1
16/07/19 22:52:14,9878825,6447847,None
16/07/19 22:54:45,7735187,1977187,1
16/07/19 22:55:14,6841399,5808138,None
16/07/19 22:57:43,1504273,1222982,1
16/07/19 22:58:13,4517198,9574800,None
16/07/19 23:00:43,4328899,1744894,1
16/07/19 23:01:14,6635108,36559024,None
16/07/19 23:03:46,5003564,3180804,1
16/07/19 23:04:15,11265688,8173263,None
16/07/19 23:06:46,4708283,3086338,1
16/07/19 23:07:17,8051637,6970656,None
16/07/19 23:09:47,4717113,1194575,1
16/07/19 23:10:18,6388393,79503708,None
16/07/19 23:12:58,3522768,2175433,1
16/07/19 23:13:30,11745849,10223548,None
16/07/19 23:15:59,4578790,1607201,1
16/07/19 23:16:29,9657628,79459929,None
16/07/19 23:19:00,3213174,1987082,1
16/07/19 23:19:30,15126467,9041920,None
16/07/19 23:21:58,5823295,3117314,1
16/07/19 23:22:28,8414661,8714403,None
16/07/19 23:24:56,5991707,3332322,1
16/07/19 23:25:29,19045942,9007985,None
16/07/19 23:27:58,13251823,20178447,1
16/07/19 23:28:30,18105140,4717074,None
16/07/19 23:30:59,4997275,775955,1
16/07/19 23:31:35,11383370,7600454,None
16/07/19 23:34:05,10502927,3047859,1
16/07/19 23:34:33,9538146,9263376,None
16/07/19 23:37:03,9604280,2108885,1
16/07/19 23:37:32,8778010,8669204,None
16/07/19 23:40:02,5807069,1171316,1
16/07/19 23:40:32,11674954,5180854,None
16/07/19 23:43:02,8919942,3705966,1
16/07/19 23:43:30,11796641,80584406,None
16/07/19 23:45:59,13608812,3037057,1
16/07/19 23:46:28,17993769,8924427,None
16/07/19 23:48:56,4335294,2004800,1
16/07/19 23:49:25,9595018,6761513,None
16/07/19 23:51:55,6698098,2521300,1
16/07/19 23:52:24,12771766,6363759,None
16/07/19 23:54:52,5890539,3878034,1
16/07/19 23:55:21,13503305,8335249,None
16/07/19 23:57:49,8561260,17380068,1
16/07/19 23:58:22,45214146,4959404,None
17/07/19 00:00:49,7975738,14164489,1
17/07/19 00:01:19,14245782,4973801,None
17/07/19 00:03:49,6166513,14071747,1
17/07/19 00:04:22,37603075,6781991,None
17/07/19 00:06:51,5109167,1233967,1
17/07/19 00:07:21,35718836,5289894,None
17/07/19 00:09:49,4363342,2672967,1
17/07/19 00:10:19,31896320,5510382,None
17/07/19 00:12:48,7193626,1857944,1
17/07/19 00:13:17,32196939,54491172,None
17/07/19 00:15:46,9352157,3913907,1
17/07/19 00:16:15,22093783,8836218,None
17/07/19 00:18:43,3513690,17097057,1
17/07/19 00:19:13,20030800,3955087,None
17/07/19 00:21:42,2657262,1908333,1
17/07/19 00:22:12,10448318,4907668,None
17/07/19 00:24:41,7940246,2229758,1
17/07/19 00:25:11,34263175,11330637,None
17/07/19 00:27:39,11587617,15251171,1
17/07/19 00:28:09,32017944,8475919,None
17/07/19 00:30:40,10385919,4019490,1
17/07/19 00:31:11,33027501,8789196,None
17/07/19 00:33:42,20882220,2501389,1
17/07/19 00:34:09,41142716,4040184,None
17/07/19 00:36:39,41812826,3124087,1
17/07/19 00:37:07,75204339,8119173,None
17/07/19 00:39:35,45115778,3251476,1
17/07/19 00:40:04,70954382,5855392,None
17/07/19 00:42:32,6620441,2970295,1
17/07/19 00:43:02,48178216,6872105,None
17/07/19 00:45:31,30902223,2649154,1
17/07/19 00:46:00,66575725,8097992,None
17/07/19 00:48:29,17150815,2850665,1
17/07/19 00:48:58,84341864,8927616,None
17/07/19 00:51:27,30881730,3207355,1
17/07/19 00:51:56,44687826,6636876,None
17/07/19 00:54:25,33025551,3387767,1
17/07/19 00:54:57,79383028,9609488,None
17/07/19 00:57:24,33482162,2391547,1
17/07/19 00:57:53,35689581,4101953,None
17/07/19 01:00:22,21457458,1935210,1
17/07/19 01:00:51,81066966,8614418,None
17/07/19 01:03:19,37233799,4013143,1
17/07/19 01:03:47,64568613,72785900,None
17/07/19 01:06:18,1515482,2136798,1
17/07/19 01:06:48,83193808,9662067,None
17/07/19 01:09:16,51039702,2084406,1
17/07/19 01:09:47,82615079,10863201,None
17/07/19 01:12:15,23095597,2420712,1
17/07/19 01:12:42,76761853,9111713,None
17/07/19 01:15:11,45471068,6678424,1
17/07/19 01:15:40,90040625,8954040,None
17/07/19 01:18:08,44899427,16320280,1
17/07/19 01:18:38,78807909,4518583,None
17/07/19 01:21:06,40473290,1192089,1
17/07/19 01:21:33,85382649,9069018,None
17/07/19 01:24:01,51061069,1188549,1
17/07/19 01:24:31,58318830,76127907,None
17/07/19 01:27:01,39330466,2335334,1
17/07/19 01:27:33,83386603,8491104,None
17/07/19 01:30:01,28920325,2373551,1
17/07/19 01:30:28,67795765,4729317,None
17/07/19 01:32:57,43635045,3518309,1
17/07/19 01:33:25,82102670,5840011,None
17/07/19 01:35:55,40907283,1939709,1
17/07/19 01:36:23,82059304,4560157,None
17/07/19 01:38:52,72718712,2540353,1
17/07/19 01:39:21,56380052,8403419,None
17/07/19 01:41:50,66831248,2442775,1
17/07/19 01:42:18,82457380,5399206,None
17/07/19 01:44:48,43606439,3217020,1
17/07/19 01:45:15,89338681,9692047,None
17/07/19 01:47:43,49634557,1844821,1
17/07/19 01:48:13,78994648,9031664,None
17/07/19 01:50:41,54665020,2698834,1
17/07/19 01:51:10,89703540,9409807,None
17/07/19 01:53:38,39119209,1501602,1
17/07/19 01:54:06,82615628,10238358,None
17/07/19 01:56:34,71084957,3053776,1
17/07/19 01:57:02,76318882,6230582,None
17/07/19 01:59:32,41949953,2035532,1
17/07/19 02:00:00,77304487,7461171,None
17/07/19 02:02:29,47611684,3074446,1
17/07/19 02:02:59,84454016,4237114,None
17/07/19 02:05:30,28381493,1385414,1
17/07/19 02:06:00,82652802,5903220,None
17/07/19 02:08:32,29934773,1844984,1
17/07/19 02:09:00,78492765,6744656,None
17/07/19 02:11:29,71226503,2988072,1
17/07/19 02:11:58,84899184,8601377,None
17/07/19 02:14:27,61606841,4018196,1
17/07/19 02:14:54,56032117,8002618,None
17/07/19 02:17:25,11415491,19085737,1
17/07/19 02:17:57,89950995,7088525,None
17/07/19 02:20:25,56522341,2810814,1
17/07/19 02:20:53,86589735,3988691,None
17/07/19 02:23:22,66389993,2397163,1
17/07/19 02:23:50,71026158,7863964,None
17/07/19 02:26:19,66285515,3625166,1
17/07/19 02:26:47,91335789,12112058,None
17/07/19 02:29:15,45871407,2610177,1
17/07/19 02:29:44,44292321,4514556,None
17/07/19 02:32:12,42365721,18532171,1
17/07/19 02:32:40,91168301,6789620,None
17/07/19 02:35:08,35478474,1595156,1
17/07/19 02:35:37,72501218,79987160,None
17/07/19 02:38:08,55894736,4551595,1
17/07/19 02:38:35,59586134,4838191,None
17/07/19 02:41:04,41462809,1993425,1
17/07/19 02:41:32,87689844,9209426,None
17/07/19 02:44:00,38338058,2829729,1
17/07/19 02:44:31,89265699,10696904,None
17/07/19 02:46:59,61496071,4084894,1
17/07/19 02:47:27,82617336,4342786,None
17/07/19 02:49:55,54762583,2473039,1
17/07/19 02:50:24,69900918,68997433,None
17/07/19 02:52:58,61564955,3079276,1
17/07/19 02:53:26,58645263,4782689,None
17/07/19 02:55:54,45287987,2865680,1
17/07/19 02:56:21,83467336,80258928,None
17/07/19 02:58:51,63850715,3119389,1
17/07/19 02:59:19,84481826,83640652,None
17/07/19 03:01:49,38424675,1239538,1
17/07/19 03:02:18,77579084,82752742,None
17/07/19 03:04:48,43909166,20363086,1
17/07/19 03:05:17,70454739,4465597,None
17/07/19 03:07:45,24681376,20205202,1
17/07/19 03:08:14,89850974,9643047,None
17/07/19 03:10:42,48276917,3060972,1
17/07/19 03:11:11,80888085,5435572,None
17/07/19 03:13:40,41337351,21288579,1
17/07/19 03:14:09,62995136,9064045,None
17/07/19 03:16:37,52896630,4104004,1
17/07/19 03:17:05,84813782,7835084,None
17/07/19 03:19:33,43756415,2138986,1
17/07/19 03:20:01,30451809,9020357,None
17/07/19 03:22:30,63701836,3437678,1
17/07/19 03:22:57,89917031,9082777,None
17/07/19 23:17:49,3137397,1267135,1
17/07/19 23:18:20,7199755,73776037,None
